iata,lat,lon,arrsum,arrcount,depsum,depcount,delaysum,delaycount,time
ATL,33.6367,-84.428101,0.0,0.0,0.0,0.0,0.0,0.0,0
LAX,33.94250107,-118.40799709999999,44.0,1.0,58.0,5.0,102.0,6.0,0
ORD,41.9786,-87.9048,0.0,0.0,0.0,0.0,0.0,0.0,0
DEN,39.861698150635,-104.672996521,0.0,0.0,0.0,0.0,0.0,0.0,0
DFW,32.896801,-97.038002,0.0,0.0,0.0,0.0,0.0,0.0,0
LAS,36.08010101,-115.15200039999999,40.0,2.0,14.0,1.0,54.0,3.0,0
SFO,37.61899948120117,-122.375,0.0,0.0,112.0,3.0,112.0,3.0,0
PHX,33.43429946899414,-112.01200103759766,3.0,1.0,22.0,3.0,25.0,4.0,0
IAH,29.98439979553223,-95.34140014648438,0.0,0.0,0.0,0.0,0.0,0.0,0
SEA,47.449001,-122.308998,0.0,0.0,0.0,0.0,0.0,0.0,0
BOS,42.36429977,-71.00520325,9.0,1.0,0.0,0.0,9.0,1.0,0
MCO,28.429399490356445,-81.30899810791016,0.0,0.0,0.0,0.0,0.0,0.0,0
EWR,40.69250106811523,-74.168701171875,0.0,0.0,0.0,0.0,0.0,0.0,0
LGA,40.77719879,-73.87259674,0.0,0.0,0.0,0.0,0.0,0.0,0
JFK,40.63980103,-73.77890015,21.0,2.0,0.0,0.0,21.0,2.0,0
FLL,26.072599,-80.152702,0.0,0.0,0.0,0.0,0.0,0.0,0
SAN,32.7336006165,-117.190002441,0.0,0.0,0.0,0.0,0.0,0.0,0
CLT,35.2140007019043,-80.94309997558594,0.0,0.0,0.0,0.0,0.0,0.0,0
DTW,42.212398529052734,-83.35340118408203,0.0,0.0,0.0,0.0,0.0,0.0,0
DCA,38.8521,-77.037697,0.0,0.0,0.0,0.0,0.0,0.0,0
MSP,44.882,-93.221802,0.0,0.0,0.0,0.0,0.0,0.0,0
MIA,25.79319953918457,-80.29060363769531,83.0,1.0,0.0,0.0,83.0,1.0,0
BWI,39.1754,-76.668297,0.0,0.0,0.0,0.0,0.0,0.0,0
PHL,39.87189865112305,-75.24109649658203,0.0,0.0,0.0,0.0,0.0,0.0,0
TPA,27.975500106811523,-82.533203125,83.0,1.0,0.0,0.0,83.0,1.0,0
SLC,40.78839874267578,-111.97799682617188,0.0,0.0,0.0,0.0,0.0,0.0,0
IAD,38.94449997,-77.45580292,0.0,0.0,0.0,0.0,0.0,0.0,0
MDW,41.785999,-87.752403,0.0,0.0,0.0,0.0,0.0,0.0,0
BNA,36.1245002746582,-86.6781997680664,0.0,0.0,0.0,0.0,0.0,0.0,0
PDX,45.58869934,-122.59799960000001,32.0,1.0,0.0,0.0,32.0,1.0,0
DAL,32.847099,-96.851799,0.0,0.0,0.0,0.0,0.0,0.0,0
AUS,30.2987223546,-97.6997852325,0.0,0.0,0.0,0.0,0.0,0.0,0
RDU,35.877601623535156,-78.7874984741211,0.0,0.0,0.0,0.0,0.0,0.0,0
STL,38.748697,-90.370003,0.0,0.0,0.0,0.0,0.0,0.0,0
MSY,29.99340057373047,-90.25800323486328,0.0,0.0,0.0,0.0,0.0,0.0,0
MCI,39.2976,-94.713898,3.0,1.0,0.0,0.0,3.0,1.0,0
HOU,29.64539909,-95.27890015,0.0,0.0,0.0,0.0,0.0,0.0,0
PIT,40.49150085,-80.23290253,0.0,0.0,0.0,0.0,0.0,0.0,0
SJC,37.362598,-121.929001,0.0,0.0,0.0,0.0,0.0,0.0,0
OAK,37.721298,-122.221001,0.0,0.0,0.0,0.0,0.0,0.0,0
SMF,38.69540023803711,-121.59100341796876,52.0,1.0,0.0,0.0,52.0,1.0,0
IND,39.7173,-86.294403,0.0,0.0,0.0,0.0,0.0,0.0,0
SNA,33.67570114,-117.86799620000001,0.0,0.0,0.0,0.0,0.0,0.0,0
CLE,41.411701202399996,-81.8498001099,30.0,1.0,0.0,0.0,30.0,1.0,0
CMH,39.998001,-82.891899,0.0,0.0,0.0,0.0,0.0,0.0,0
SAT,29.533700942993164,-98.46980285644531,0.0,0.0,0.0,0.0,0.0,0.0,0
CVG,39.0488014221,-84.6678009033,0.0,0.0,0.0,0.0,0.0,0.0,0
JAX,30.49410057067871,-81.68789672851562,0.0,0.0,0.0,0.0,0.0,0.0,0
HNL,21.32062,-157.924228,0.0,0.0,0.0,0.0,0.0,0.0,0
MKE,42.94720077514648,-87.89659881591797,0.0,0.0,0.0,0.0,0.0,0.0,0
ATL,33.6367,-84.428101,0.0,0.0,0.0,0.0,0.0,0.0,100
LAX,33.94250107,-118.40799709999999,95.0,1.0,95.0,2.0,190.0,3.0,100
ORD,41.9786,-87.9048,0.0,0.0,0.0,0.0,0.0,0.0,100
DEN,39.861698150635,-104.672996521,0.0,0.0,61.0,1.0,61.0,1.0,100
DFW,32.896801,-97.038002,0.0,0.0,0.0,0.0,0.0,0.0,100
LAS,36.08010101,-115.15200039999999,0.0,0.0,9.0,1.0,9.0,1.0,100
SFO,37.61899948120117,-122.375,0.0,0.0,34.0,1.0,34.0,1.0,100
PHX,33.43429946899414,-112.01200103759766,58.0,1.0,29.0,4.0,87.0,5.0,100
IAH,29.98439979553223,-95.34140014648438,0.0,0.0,0.0,0.0,0.0,0.0,100
SEA,47.449001,-122.308998,0.0,0.0,0.0,0.0,0.0,0.0,100
BOS,42.36429977,-71.00520325,0.0,0.0,0.0,0.0,0.0,0.0,100
MCO,28.429399490356445,-81.30899810791016,0.0,0.0,0.0,0.0,0.0,0.0,100
EWR,40.69250106811523,-74.168701171875,0.0,0.0,0.0,0.0,0.0,0.0,100
LGA,40.77719879,-73.87259674,0.0,0.0,0.0,0.0,0.0,0.0,100
JFK,40.63980103,-73.77890015,0.0,0.0,0.0,0.0,0.0,0.0,100
FLL,26.072599,-80.152702,0.0,0.0,0.0,0.0,0.0,0.0,100
SAN,32.7336006165,-117.190002441,0.0,0.0,0.0,0.0,0.0,0.0,100
CLT,35.2140007019043,-80.94309997558594,0.0,0.0,0.0,0.0,0.0,0.0,100
DTW,42.212398529052734,-83.35340118408203,0.0,0.0,0.0,0.0,0.0,0.0,100
DCA,38.8521,-77.037697,0.0,0.0,0.0,0.0,0.0,0.0,100
MSP,44.882,-93.221802,0.0,0.0,0.0,0.0,0.0,0.0,100
MIA,25.79319953918457,-80.29060363769531,0.0,0.0,0.0,0.0,0.0,0.0,100
BWI,39.1754,-76.668297,0.0,0.0,0.0,0.0,0.0,0.0,100
PHL,39.87189865112305,-75.24109649658203,0.0,0.0,0.0,0.0,0.0,0.0,100
TPA,27.975500106811523,-82.533203125,0.0,0.0,0.0,0.0,0.0,0.0,100
SLC,40.78839874267578,-111.97799682617188,0.0,0.0,0.0,0.0,0.0,0.0,100
IAD,38.94449997,-77.45580292,0.0,0.0,0.0,0.0,0.0,0.0,100
MDW,41.785999,-87.752403,0.0,0.0,0.0,0.0,0.0,0.0,100
BNA,36.1245002746582,-86.6781997680664,0.0,0.0,0.0,0.0,0.0,0.0,100
PDX,45.58869934,-122.59799960000001,0.0,0.0,0.0,0.0,0.0,0.0,100
DAL,32.847099,-96.851799,0.0,0.0,0.0,0.0,0.0,0.0,100
AUS,30.2987223546,-97.6997852325,0.0,0.0,0.0,0.0,0.0,0.0,100
RDU,35.877601623535156,-78.7874984741211,0.0,0.0,0.0,0.0,0.0,0.0,100
STL,38.748697,-90.370003,0.0,0.0,0.0,0.0,0.0,0.0,100
MSY,29.99340057373047,-90.25800323486328,0.0,0.0,0.0,0.0,0.0,0.0,100
MCI,39.2976,-94.713898,0.0,0.0,0.0,0.0,0.0,0.0,100
HOU,29.64539909,-95.27890015,0.0,0.0,0.0,0.0,0.0,0.0,100
PIT,40.49150085,-80.23290253,0.0,0.0,0.0,0.0,0.0,0.0,100
SJC,37.362598,-121.929001,0.0,0.0,0.0,0.0,0.0,0.0,100
OAK,37.721298,-122.221001,0.0,0.0,0.0,0.0,0.0,0.0,100
SMF,38.69540023803711,-121.59100341796876,218.0,1.0,0.0,0.0,218.0,1.0,100
IND,39.7173,-86.294403,0.0,0.0,0.0,0.0,0.0,0.0,100
SNA,33.67570114,-117.86799620000001,0.0,0.0,0.0,0.0,0.0,0.0,100
CLE,41.411701202399996,-81.8498001099,0.0,0.0,0.0,0.0,0.0,0.0,100
CMH,39.998001,-82.891899,0.0,0.0,0.0,0.0,0.0,0.0,100
SAT,29.533700942993164,-98.46980285644531,0.0,0.0,0.0,0.0,0.0,0.0,100
CVG,39.0488014221,-84.6678009033,0.0,0.0,0.0,0.0,0.0,0.0,100
JAX,30.49410057067871,-81.68789672851562,0.0,0.0,0.0,0.0,0.0,0.0,100
HNL,21.32062,-157.924228,0.0,0.0,0.0,0.0,0.0,0.0,100
MKE,42.94720077514648,-87.89659881591797,0.0,0.0,0.0,0.0,0.0,0.0,100
ATL,33.6367,-84.428101,0.0,0.0,0.0,0.0,0.0,0.0,200
LAX,33.94250107,-118.40799709999999,0.0,0.0,0.0,0.0,0.0,0.0,200
ORD,41.9786,-87.9048,0.0,0.0,0.0,0.0,0.0,0.0,200
DEN,39.861698150635,-104.672996521,5.0,1.0,0.0,0.0,5.0,1.0,200
DFW,32.896801,-97.038002,0.0,0.0,0.0,0.0,0.0,0.0,200
LAS,36.08010101,-115.15200039999999,0.0,0.0,0.0,0.0,0.0,0.0,200
SFO,37.61899948120117,-122.375,0.0,0.0,85.0,1.0,85.0,1.0,200
PHX,33.43429946899414,-112.01200103759766,0.0,0.0,0.0,0.0,0.0,0.0,200
IAH,29.98439979553223,-95.34140014648438,0.0,0.0,0.0,0.0,0.0,0.0,200
SEA,47.449001,-122.308998,0.0,0.0,83.0,1.0,83.0,1.0,200
BOS,42.36429977,-71.00520325,0.0,0.0,0.0,0.0,0.0,0.0,200
MCO,28.429399490356445,-81.30899810791016,0.0,0.0,0.0,0.0,0.0,0.0,200
EWR,40.69250106811523,-74.168701171875,0.0,0.0,0.0,0.0,0.0,0.0,200
LGA,40.77719879,-73.87259674,0.0,0.0,0.0,0.0,0.0,0.0,200
JFK,40.63980103,-73.77890015,0.0,0.0,0.0,0.0,0.0,0.0,200
FLL,26.072599,-80.152702,0.0,0.0,0.0,0.0,0.0,0.0,200
SAN,32.7336006165,-117.190002441,0.0,0.0,0.0,0.0,0.0,0.0,200
CLT,35.2140007019043,-80.94309997558594,0.0,0.0,0.0,0.0,0.0,0.0,200
DTW,42.212398529052734,-83.35340118408203,0.0,0.0,0.0,0.0,0.0,0.0,200
DCA,38.8521,-77.037697,0.0,0.0,0.0,0.0,0.0,0.0,200
MSP,44.882,-93.221802,0.0,0.0,127.0,1.0,127.0,1.0,200
MIA,25.79319953918457,-80.29060363769531,0.0,0.0,0.0,0.0,0.0,0.0,200
BWI,39.1754,-76.668297,0.0,0.0,0.0,0.0,0.0,0.0,200
PHL,39.87189865112305,-75.24109649658203,0.0,0.0,0.0,0.0,0.0,0.0,200
TPA,27.975500106811523,-82.533203125,0.0,0.0,0.0,0.0,0.0,0.0,200
SLC,40.78839874267578,-111.97799682617188,0.0,0.0,0.0,0.0,0.0,0.0,200
IAD,38.94449997,-77.45580292,0.0,0.0,0.0,0.0,0.0,0.0,200
MDW,41.785999,-87.752403,0.0,0.0,0.0,0.0,0.0,0.0,200
BNA,36.1245002746582,-86.6781997680664,0.0,0.0,0.0,0.0,0.0,0.0,200
PDX,45.58869934,-122.59799960000001,0.0,0.0,0.0,0.0,0.0,0.0,200
DAL,32.847099,-96.851799,0.0,0.0,0.0,0.0,0.0,0.0,200
AUS,30.2987223546,-97.6997852325,0.0,0.0,0.0,0.0,0.0,0.0,200
RDU,35.877601623535156,-78.7874984741211,0.0,0.0,0.0,0.0,0.0,0.0,200
STL,38.748697,-90.370003,0.0,0.0,0.0,0.0,0.0,0.0,200
MSY,29.99340057373047,-90.25800323486328,0.0,0.0,0.0,0.0,0.0,0.0,200
MCI,39.2976,-94.713898,0.0,0.0,0.0,0.0,0.0,0.0,200
HOU,29.64539909,-95.27890015,0.0,0.0,0.0,0.0,0.0,0.0,200
PIT,40.49150085,-80.23290253,0.0,0.0,0.0,0.0,0.0,0.0,200
SJC,37.362598,-121.929001,0.0,0.0,0.0,0.0,0.0,0.0,200
OAK,37.721298,-122.221001,0.0,0.0,0.0,0.0,0.0,0.0,200
SMF,38.69540023803711,-121.59100341796876,0.0,0.0,0.0,0.0,0.0,0.0,200
IND,39.7173,-86.294403,0.0,0.0,0.0,0.0,0.0,0.0,200
SNA,33.67570114,-117.86799620000001,0.0,0.0,0.0,0.0,0.0,0.0,200
CLE,41.411701202399996,-81.8498001099,0.0,0.0,0.0,0.0,0.0,0.0,200
CMH,39.998001,-82.891899,0.0,0.0,0.0,0.0,0.0,0.0,200
SAT,29.533700942993164,-98.46980285644531,0.0,0.0,0.0,0.0,0.0,0.0,200
CVG,39.0488014221,-84.6678009033,0.0,0.0,0.0,0.0,0.0,0.0,200
JAX,30.49410057067871,-81.68789672851562,0.0,0.0,0.0,0.0,0.0,0.0,200
HNL,21.32062,-157.924228,0.0,0.0,0.0,0.0,0.0,0.0,200
MKE,42.94720077514648,-87.89659881591797,0.0,0.0,0.0,0.0,0.0,0.0,200
ATL,33.6367,-84.428101,0.0,0.0,0.0,0.0,0.0,0.0,300
LAX,33.94250107,-118.40799709999999,0.0,0.0,0.0,0.0,0.0,0.0,300
ORD,41.9786,-87.9048,0.0,0.0,0.0,0.0,0.0,0.0,300
DEN,39.861698150635,-104.672996521,0.0,0.0,0.0,0.0,0.0,0.0,300
DFW,32.896801,-97.038002,0.0,0.0,0.0,0.0,0.0,0.0,300
LAS,36.08010101,-115.15200039999999,0.0,0.0,0.0,0.0,0.0,0.0,300
SFO,37.61899948120117,-122.375,0.0,0.0,0.0,0.0,0.0,0.0,300
PHX,33.43429946899414,-112.01200103759766,0.0,0.0,0.0,0.0,0.0,0.0,300
IAH,29.98439979553223,-95.34140014648438,0.0,0.0,0.0,0.0,0.0,0.0,300
SEA,47.449001,-122.308998,0.0,0.0,0.0,0.0,0.0,0.0,300
BOS,42.36429977,-71.00520325,0.0,0.0,0.0,0.0,0.0,0.0,300
MCO,28.429399490356445,-81.30899810791016,0.0,0.0,0.0,0.0,0.0,0.0,300
EWR,40.69250106811523,-74.168701171875,0.0,0.0,0.0,0.0,0.0,0.0,300
LGA,40.77719879,-73.87259674,0.0,0.0,0.0,0.0,0.0,0.0,300
JFK,40.63980103,-73.77890015,0.0,0.0,0.0,0.0,0.0,0.0,300
FLL,26.072599,-80.152702,0.0,0.0,0.0,0.0,0.0,0.0,300
SAN,32.7336006165,-117.190002441,0.0,0.0,0.0,0.0,0.0,0.0,300
CLT,35.2140007019043,-80.94309997558594,0.0,0.0,0.0,0.0,0.0,0.0,300
DTW,42.212398529052734,-83.35340118408203,0.0,0.0,0.0,0.0,0.0,0.0,300
DCA,38.8521,-77.037697,0.0,0.0,0.0,0.0,0.0,0.0,300
MSP,44.882,-93.221802,0.0,0.0,0.0,0.0,0.0,0.0,300
MIA,25.79319953918457,-80.29060363769531,0.0,0.0,0.0,0.0,0.0,0.0,300
BWI,39.1754,-76.668297,0.0,0.0,0.0,0.0,0.0,0.0,300
PHL,39.87189865112305,-75.24109649658203,0.0,0.0,0.0,0.0,0.0,0.0,300
TPA,27.975500106811523,-82.533203125,0.0,0.0,0.0,0.0,0.0,0.0,300
SLC,40.78839874267578,-111.97799682617188,0.0,0.0,0.0,0.0,0.0,0.0,300
IAD,38.94449997,-77.45580292,0.0,0.0,0.0,0.0,0.0,0.0,300
MDW,41.785999,-87.752403,0.0,0.0,0.0,0.0,0.0,0.0,300
BNA,36.1245002746582,-86.6781997680664,0.0,0.0,0.0,0.0,0.0,0.0,300
PDX,45.58869934,-122.59799960000001,0.0,0.0,0.0,0.0,0.0,0.0,300
DAL,32.847099,-96.851799,0.0,0.0,0.0,0.0,0.0,0.0,300
AUS,30.2987223546,-97.6997852325,0.0,0.0,0.0,0.0,0.0,0.0,300
RDU,35.877601623535156,-78.7874984741211,0.0,0.0,0.0,0.0,0.0,0.0,300
STL,38.748697,-90.370003,0.0,0.0,0.0,0.0,0.0,0.0,300
MSY,29.99340057373047,-90.25800323486328,0.0,0.0,0.0,0.0,0.0,0.0,300
MCI,39.2976,-94.713898,0.0,0.0,0.0,0.0,0.0,0.0,300
HOU,29.64539909,-95.27890015,0.0,0.0,0.0,0.0,0.0,0.0,300
PIT,40.49150085,-80.23290253,0.0,0.0,0.0,0.0,0.0,0.0,300
SJC,37.362598,-121.929001,0.0,0.0,0.0,0.0,0.0,0.0,300
OAK,37.721298,-122.221001,0.0,0.0,0.0,0.0,0.0,0.0,300
SMF,38.69540023803711,-121.59100341796876,0.0,0.0,0.0,0.0,0.0,0.0,300
IND,39.7173,-86.294403,0.0,0.0,0.0,0.0,0.0,0.0,300
SNA,33.67570114,-117.86799620000001,0.0,0.0,0.0,0.0,0.0,0.0,300
CLE,41.411701202399996,-81.8498001099,0.0,0.0,0.0,0.0,0.0,0.0,300
CMH,39.998001,-82.891899,0.0,0.0,0.0,0.0,0.0,0.0,300
SAT,29.533700942993164,-98.46980285644531,0.0,0.0,0.0,0.0,0.0,0.0,300
CVG,39.0488014221,-84.6678009033,0.0,0.0,0.0,0.0,0.0,0.0,300
JAX,30.49410057067871,-81.68789672851562,0.0,0.0,0.0,0.0,0.0,0.0,300
HNL,21.32062,-157.924228,0.0,0.0,0.0,0.0,0.0,0.0,300
MKE,42.94720077514648,-87.89659881591797,0.0,0.0,0.0,0.0,0.0,0.0,300
ATL,33.6367,-84.428101,0.0,0.0,0.0,0.0,0.0,0.0,400
LAX,33.94250107,-118.40799709999999,0.0,0.0,0.0,0.0,0.0,0.0,400
ORD,41.9786,-87.9048,0.0,0.0,0.0,0.0,0.0,0.0,400
DEN,39.861698150635,-104.672996521,0.0,0.0,0.0,0.0,0.0,0.0,400
DFW,32.896801,-97.038002,0.0,0.0,0.0,0.0,0.0,0.0,400
LAS,36.08010101,-115.15200039999999,0.0,0.0,0.0,0.0,0.0,0.0,400
SFO,37.61899948120117,-122.375,1.0,1.0,0.0,0.0,1.0,1.0,400
PHX,33.43429946899414,-112.01200103759766,0.0,0.0,0.0,0.0,0.0,0.0,400
IAH,29.98439979553223,-95.34140014648438,0.0,0.0,0.0,0.0,0.0,0.0,400
SEA,47.449001,-122.308998,0.0,0.0,0.0,0.0,0.0,0.0,400
BOS,42.36429977,-71.00520325,0.0,0.0,0.0,0.0,0.0,0.0,400
MCO,28.429399490356445,-81.30899810791016,0.0,0.0,0.0,0.0,0.0,0.0,400
EWR,40.69250106811523,-74.168701171875,0.0,0.0,0.0,0.0,0.0,0.0,400
LGA,40.77719879,-73.87259674,0.0,0.0,0.0,0.0,0.0,0.0,400
JFK,40.63980103,-73.77890015,0.0,0.0,0.0,0.0,0.0,0.0,400
FLL,26.072599,-80.152702,0.0,0.0,0.0,0.0,0.0,0.0,400
SAN,32.7336006165,-117.190002441,0.0,0.0,0.0,0.0,0.0,0.0,400
CLT,35.2140007019043,-80.94309997558594,0.0,0.0,0.0,0.0,0.0,0.0,400
DTW,42.212398529052734,-83.35340118408203,0.0,0.0,0.0,0.0,0.0,0.0,400
DCA,38.8521,-77.037697,0.0,0.0,0.0,0.0,0.0,0.0,400
MSP,44.882,-93.221802,0.0,0.0,0.0,0.0,0.0,0.0,400
MIA,25.79319953918457,-80.29060363769531,0.0,0.0,0.0,0.0,0.0,0.0,400
BWI,39.1754,-76.668297,4.0,1.0,0.0,0.0,4.0,1.0,400
PHL,39.87189865112305,-75.24109649658203,0.0,0.0,0.0,0.0,0.0,0.0,400
TPA,27.975500106811523,-82.533203125,0.0,0.0,0.0,0.0,0.0,0.0,400
SLC,40.78839874267578,-111.97799682617188,0.0,0.0,0.0,0.0,0.0,0.0,400
IAD,38.94449997,-77.45580292,0.0,0.0,0.0,0.0,0.0,0.0,400
MDW,41.785999,-87.752403,0.0,0.0,0.0,0.0,0.0,0.0,400
BNA,36.1245002746582,-86.6781997680664,0.0,0.0,0.0,0.0,0.0,0.0,400
PDX,45.58869934,-122.59799960000001,0.0,0.0,0.0,0.0,0.0,0.0,400
DAL,32.847099,-96.851799,0.0,0.0,0.0,0.0,0.0,0.0,400
AUS,30.2987223546,-97.6997852325,0.0,0.0,0.0,0.0,0.0,0.0,400
RDU,35.877601623535156,-78.7874984741211,0.0,0.0,0.0,0.0,0.0,0.0,400
STL,38.748697,-90.370003,0.0,0.0,0.0,0.0,0.0,0.0,400
MSY,29.99340057373047,-90.25800323486328,0.0,0.0,0.0,0.0,0.0,0.0,400
MCI,39.2976,-94.713898,0.0,0.0,0.0,0.0,0.0,0.0,400
HOU,29.64539909,-95.27890015,0.0,0.0,0.0,0.0,0.0,0.0,400
PIT,40.49150085,-80.23290253,0.0,0.0,0.0,0.0,0.0,0.0,400
SJC,37.362598,-121.929001,0.0,0.0,0.0,0.0,0.0,0.0,400
OAK,37.721298,-122.221001,0.0,0.0,0.0,0.0,0.0,0.0,400
SMF,38.69540023803711,-121.59100341796876,0.0,0.0,0.0,0.0,0.0,0.0,400
IND,39.7173,-86.294403,0.0,0.0,0.0,0.0,0.0,0.0,400
SNA,33.67570114,-117.86799620000001,0.0,0.0,0.0,0.0,0.0,0.0,400
CLE,41.411701202399996,-81.8498001099,0.0,0.0,0.0,0.0,0.0,0.0,400
CMH,39.998001,-82.891899,0.0,0.0,0.0,0.0,0.0,0.0,400
SAT,29.533700942993164,-98.46980285644531,0.0,0.0,0.0,0.0,0.0,0.0,400
CVG,39.0488014221,-84.6678009033,0.0,0.0,0.0,0.0,0.0,0.0,400
JAX,30.49410057067871,-81.68789672851562,0.0,0.0,0.0,0.0,0.0,0.0,400
HNL,21.32062,-157.924228,0.0,0.0,0.0,0.0,0.0,0.0,400
MKE,42.94720077514648,-87.89659881591797,0.0,0.0,0.0,0.0,0.0,0.0,400
ATL,33.6367,-84.428101,0.0,0.0,2.0,1.0,2.0,1.0,500
LAX,33.94250107,-118.40799709999999,24.0,1.0,21.0,2.0,45.0,3.0,500
ORD,41.9786,-87.9048,0.0,0.0,0.0,0.0,0.0,0.0,500
DEN,39.861698150635,-104.672996521,45.0,1.0,0.0,0.0,45.0,1.0,500
DFW,32.896801,-97.038002,0.0,0.0,0.0,0.0,0.0,0.0,500
LAS,36.08010101,-115.15200039999999,0.0,0.0,1.0,1.0,1.0,1.0,500
SFO,37.61899948120117,-122.375,0.0,0.0,0.0,0.0,0.0,0.0,500
PHX,33.43429946899414,-112.01200103759766,0.0,0.0,0.0,0.0,0.0,0.0,500
IAH,29.98439979553223,-95.34140014648438,0.0,0.0,0.0,0.0,0.0,0.0,500
SEA,47.449001,-122.308998,0.0,0.0,3.0,1.0,3.0,1.0,500
BOS,42.36429977,-71.00520325,0.0,0.0,37.0,3.0,37.0,3.0,500
MCO,28.429399490356445,-81.30899810791016,0.0,0.0,0.0,0.0,0.0,0.0,500
EWR,40.69250106811523,-74.168701171875,0.0,0.0,0.0,0.0,0.0,0.0,500
LGA,40.77719879,-73.87259674,0.0,0.0,0.0,0.0,0.0,0.0,500
JFK,40.63980103,-73.77890015,33.0,2.0,4.0,1.0,37.0,3.0,500
FLL,26.072599,-80.152702,0.0,0.0,0.0,0.0,0.0,0.0,500
SAN,32.7336006165,-117.190002441,0.0,0.0,0.0,0.0,0.0,0.0,500
CLT,35.2140007019043,-80.94309997558594,0.0,0.0,0.0,0.0,0.0,0.0,500
DTW,42.212398529052734,-83.35340118408203,0.0,0.0,0.0,0.0,0.0,0.0,500
DCA,38.8521,-77.037697,0.0,0.0,0.0,0.0,0.0,0.0,500
MSP,44.882,-93.221802,0.0,0.0,0.0,0.0,0.0,0.0,500
MIA,25.79319953918457,-80.29060363769531,0.0,0.0,0.0,0.0,0.0,0.0,500
BWI,39.1754,-76.668297,0.0,0.0,0.0,0.0,0.0,0.0,500
PHL,39.87189865112305,-75.24109649658203,0.0,0.0,0.0,0.0,0.0,0.0,500
TPA,27.975500106811523,-82.533203125,0.0,0.0,0.0,0.0,0.0,0.0,500
SLC,40.78839874267578,-111.97799682617188,0.0,0.0,0.0,0.0,0.0,0.0,500
IAD,38.94449997,-77.45580292,0.0,0.0,0.0,0.0,0.0,0.0,500
MDW,41.785999,-87.752403,0.0,0.0,0.0,0.0,0.0,0.0,500
BNA,36.1245002746582,-86.6781997680664,0.0,0.0,14.0,4.0,14.0,4.0,500
PDX,45.58869934,-122.59799960000001,0.0,0.0,3.0,1.0,3.0,1.0,500
DAL,32.847099,-96.851799,0.0,0.0,0.0,0.0,0.0,0.0,500
AUS,30.2987223546,-97.6997852325,0.0,0.0,11.0,2.0,11.0,2.0,500
RDU,35.877601623535156,-78.7874984741211,0.0,0.0,20.0,5.0,20.0,5.0,500
STL,38.748697,-90.370003,0.0,0.0,3.0,1.0,3.0,1.0,500
MSY,29.99340057373047,-90.25800323486328,0.0,0.0,0.0,0.0,0.0,0.0,500
MCI,39.2976,-94.713898,0.0,0.0,4.0,2.0,4.0,2.0,500
HOU,29.64539909,-95.27890015,0.0,0.0,3.0,1.0,3.0,1.0,500
PIT,40.49150085,-80.23290253,0.0,0.0,0.0,0.0,0.0,0.0,500
SJC,37.362598,-121.929001,0.0,0.0,0.0,0.0,0.0,0.0,500
OAK,37.721298,-122.221001,0.0,0.0,0.0,0.0,0.0,0.0,500
SMF,38.69540023803711,-121.59100341796876,0.0,0.0,0.0,0.0,0.0,0.0,500
IND,39.7173,-86.294403,0.0,0.0,12.0,2.0,12.0,2.0,500
SNA,33.67570114,-117.86799620000001,0.0,0.0,0.0,0.0,0.0,0.0,500
CLE,41.411701202399996,-81.8498001099,0.0,0.0,0.0,0.0,0.0,0.0,500
CMH,39.998001,-82.891899,0.0,0.0,0.0,0.0,0.0,0.0,500
SAT,29.533700942993164,-98.46980285644531,0.0,0.0,0.0,0.0,0.0,0.0,500
CVG,39.0488014221,-84.6678009033,0.0,0.0,0.0,0.0,0.0,0.0,500
JAX,30.49410057067871,-81.68789672851562,0.0,0.0,0.0,0.0,0.0,0.0,500
HNL,21.32062,-157.924228,0.0,0.0,0.0,0.0,0.0,0.0,500
MKE,42.94720077514648,-87.89659881591797,0.0,0.0,21.0,2.0,21.0,2.0,500
ATL,33.6367,-84.428101,9.0,2.0,75.0,7.0,84.0,9.0,600
LAX,33.94250107,-118.40799709999999,0.0,0.0,106.0,5.0,106.0,5.0,600
ORD,41.9786,-87.9048,4.0,1.0,44.0,3.0,48.0,4.0,600
DEN,39.861698150635,-104.672996521,0.0,0.0,0.0,0.0,0.0,0.0,600
DFW,32.896801,-97.038002,17.0,2.0,12.0,1.0,29.0,3.0,600
LAS,36.08010101,-115.15200039999999,2.0,1.0,24.0,4.0,26.0,5.0,600
SFO,37.61899948120117,-122.375,0.0,0.0,59.0,3.0,59.0,3.0,600
PHX,33.43429946899414,-112.01200103759766,0.0,0.0,3.0,2.0,3.0,2.0,600
IAH,29.98439979553223,-95.34140014648438,0.0,0.0,17.0,2.0,17.0,2.0,600
SEA,47.449001,-122.308998,0.0,0.0,76.0,3.0,76.0,3.0,600
BOS,42.36429977,-71.00520325,37.0,2.0,27.0,3.0,64.0,5.0,600
MCO,28.429399490356445,-81.30899810791016,0.0,0.0,21.0,2.0,21.0,2.0,600
EWR,40.69250106811523,-74.168701171875,3.0,1.0,48.0,6.0,51.0,7.0,600
LGA,40.77719879,-73.87259674,2.0,1.0,36.0,5.0,38.0,6.0,600
JFK,40.63980103,-73.77890015,6.0,2.0,18.0,2.0,24.0,4.0,600
FLL,26.072599,-80.152702,0.0,0.0,14.0,2.0,14.0,2.0,600
SAN,32.7336006165,-117.190002441,0.0,0.0,24.0,2.0,24.0,2.0,600
CLT,35.2140007019043,-80.94309997558594,3.0,1.0,1.0,1.0,4.0,2.0,600
DTW,42.212398529052734,-83.35340118408203,0.0,0.0,1.0,1.0,1.0,1.0,600
DCA,38.8521,-77.037697,0.0,0.0,11.0,2.0,11.0,2.0,600
MSP,44.882,-93.221802,21.0,1.0,46.0,6.0,67.0,7.0,600
MIA,25.79319953918457,-80.29060363769531,0.0,0.0,0.0,0.0,0.0,0.0,600
BWI,39.1754,-76.668297,0.0,0.0,36.0,7.0,36.0,7.0,600
PHL,39.87189865112305,-75.24109649658203,0.0,0.0,34.0,2.0,34.0,2.0,600
TPA,27.975500106811523,-82.533203125,10.0,1.0,3.0,1.0,13.0,2.0,600
SLC,40.78839874267578,-111.97799682617188,0.0,0.0,1.0,1.0,1.0,1.0,600
IAD,38.94449997,-77.45580292,0.0,0.0,17.0,3.0,17.0,3.0,600
MDW,41.785999,-87.752403,2.0,2.0,15.0,4.0,17.0,6.0,600
BNA,36.1245002746582,-86.6781997680664,0.0,0.0,28.0,2.0,28.0,2.0,600
PDX,45.58869934,-122.59799960000001,0.0,0.0,19.0,4.0,19.0,4.0,600
DAL,32.847099,-96.851799,0.0,0.0,29.0,3.0,29.0,3.0,600
AUS,30.2987223546,-97.6997852325,0.0,0.0,2.0,1.0,2.0,1.0,600
RDU,35.877601623535156,-78.7874984741211,0.0,0.0,15.0,4.0,15.0,4.0,600
STL,38.748697,-90.370003,0.0,0.0,0.0,0.0,0.0,0.0,600
MSY,29.99340057373047,-90.25800323486328,0.0,0.0,42.0,4.0,42.0,4.0,600
MCI,39.2976,-94.713898,0.0,0.0,10.0,2.0,10.0,2.0,600
HOU,29.64539909,-95.27890015,0.0,0.0,14.0,4.0,14.0,4.0,600
PIT,40.49150085,-80.23290253,0.0,0.0,1.0,1.0,1.0,1.0,600
SJC,37.362598,-121.929001,0.0,0.0,56.0,5.0,56.0,5.0,600
OAK,37.721298,-122.221001,0.0,0.0,15.0,4.0,15.0,4.0,600
SMF,38.69540023803711,-121.59100341796876,0.0,0.0,73.0,3.0,73.0,3.0,600
IND,39.7173,-86.294403,3.0,1.0,0.0,0.0,3.0,1.0,600
SNA,33.67570114,-117.86799620000001,0.0,0.0,3.0,2.0,3.0,2.0,600
CLE,41.411701202399996,-81.8498001099,0.0,0.0,10.0,2.0,10.0,2.0,600
CMH,39.998001,-82.891899,0.0,0.0,0.0,0.0,0.0,0.0,600
SAT,29.533700942993164,-98.46980285644531,0.0,0.0,155.0,2.0,155.0,2.0,600
CVG,39.0488014221,-84.6678009033,0.0,0.0,83.0,1.0,83.0,1.0,600
JAX,30.49410057067871,-81.68789672851562,0.0,0.0,3.0,2.0,3.0,2.0,600
HNL,21.32062,-157.924228,0.0,0.0,0.0,0.0,0.0,0.0,600
MKE,42.94720077514648,-87.89659881591797,0.0,0.0,0.0,0.0,0.0,0.0,600
ATL,33.6367,-84.428101,43.0,7.0,22.0,4.0,65.0,11.0,700
LAX,33.94250107,-118.40799709999999,43.0,9.0,44.0,6.0,87.0,15.0,700
ORD,41.9786,-87.9048,133.0,5.0,60.0,5.0,193.0,10.0,700
DEN,39.861698150635,-104.672996521,0.0,0.0,2.0,1.0,2.0,1.0,700
DFW,32.896801,-97.038002,9.0,2.0,27.0,4.0,36.0,6.0,700
LAS,36.08010101,-115.15200039999999,26.0,3.0,5.0,1.0,31.0,4.0,700
SFO,37.61899948120117,-122.375,1.0,1.0,108.0,4.0,109.0,5.0,700
PHX,33.43429946899414,-112.01200103759766,8.0,1.0,6.0,2.0,14.0,3.0,700
IAH,29.98439979553223,-95.34140014648438,69.0,1.0,38.0,3.0,107.0,4.0,700
SEA,47.449001,-122.308998,1.0,1.0,20.0,4.0,21.0,5.0,700
BOS,42.36429977,-71.00520325,26.0,4.0,56.0,7.0,82.0,11.0,700
MCO,28.429399490356445,-81.30899810791016,53.0,4.0,27.0,2.0,80.0,6.0,700
EWR,40.69250106811523,-74.168701171875,3.0,1.0,131.0,5.0,134.0,6.0,700
LGA,40.77719879,-73.87259674,0.0,0.0,121.0,5.0,121.0,5.0,700
JFK,40.63980103,-73.77890015,41.0,2.0,67.0,4.0,108.0,6.0,700
FLL,26.072599,-80.152702,156.0,2.0,43.0,3.0,199.0,5.0,700
SAN,32.7336006165,-117.190002441,34.0,4.0,24.0,4.0,58.0,8.0,700
CLT,35.2140007019043,-80.94309997558594,9.0,1.0,3.0,1.0,12.0,2.0,700
DTW,42.212398529052734,-83.35340118408203,34.0,5.0,48.0,3.0,82.0,8.0,700
DCA,38.8521,-77.037697,2.0,1.0,34.0,2.0,36.0,3.0,700
MSP,44.882,-93.221802,3.0,1.0,56.0,4.0,59.0,5.0,700
MIA,25.79319953918457,-80.29060363769531,0.0,0.0,0.0,0.0,0.0,0.0,700
BWI,39.1754,-76.668297,6.0,1.0,105.0,5.0,111.0,6.0,700
PHL,39.87189865112305,-75.24109649658203,21.0,3.0,8.0,2.0,29.0,5.0,700
TPA,27.975500106811523,-82.533203125,0.0,0.0,15.0,2.0,15.0,2.0,700
SLC,40.78839874267578,-111.97799682617188,0.0,0.0,0.0,0.0,0.0,0.0,700
IAD,38.94449997,-77.45580292,45.0,4.0,7.0,1.0,52.0,5.0,700
MDW,41.785999,-87.752403,14.0,1.0,14.0,2.0,28.0,3.0,700
BNA,36.1245002746582,-86.6781997680664,5.0,2.0,4.0,2.0,9.0,4.0,700
PDX,45.58869934,-122.59799960000001,0.0,0.0,0.0,0.0,0.0,0.0,700
DAL,32.847099,-96.851799,0.0,0.0,10.0,3.0,10.0,3.0,700
AUS,30.2987223546,-97.6997852325,0.0,0.0,8.0,1.0,8.0,1.0,700
RDU,35.877601623535156,-78.7874984741211,0.0,0.0,13.0,5.0,13.0,5.0,700
STL,38.748697,-90.370003,0.0,0.0,4.0,2.0,4.0,2.0,700
MSY,29.99340057373047,-90.25800323486328,0.0,0.0,23.0,3.0,23.0,3.0,700
MCI,39.2976,-94.713898,10.0,1.0,4.0,2.0,14.0,3.0,700
HOU,29.64539909,-95.27890015,10.0,2.0,4.0,1.0,14.0,3.0,700
PIT,40.49150085,-80.23290253,0.0,0.0,0.0,0.0,0.0,0.0,700
SJC,37.362598,-121.929001,9.0,1.0,28.0,2.0,37.0,3.0,700
OAK,37.721298,-122.221001,0.0,0.0,29.0,2.0,29.0,2.0,700
SMF,38.69540023803711,-121.59100341796876,0.0,0.0,79.0,3.0,79.0,3.0,700
IND,39.7173,-86.294403,0.0,0.0,95.0,1.0,95.0,1.0,700
SNA,33.67570114,-117.86799620000001,0.0,0.0,0.0,0.0,0.0,0.0,700
CLE,41.411701202399996,-81.8498001099,0.0,0.0,11.0,1.0,11.0,1.0,700
CMH,39.998001,-82.891899,5.0,1.0,134.0,2.0,139.0,3.0,700
SAT,29.533700942993164,-98.46980285644531,0.0,0.0,22.0,1.0,22.0,1.0,700
CVG,39.0488014221,-84.6678009033,0.0,0.0,1.0,1.0,1.0,1.0,700
JAX,30.49410057067871,-81.68789672851562,0.0,0.0,1.0,1.0,1.0,1.0,700
HNL,21.32062,-157.924228,0.0,0.0,4.0,1.0,4.0,1.0,700
MKE,42.94720077514648,-87.89659881591797,0.0,0.0,1.0,1.0,1.0,1.0,700
ATL,33.6367,-84.428101,18.0,5.0,125.0,20.0,143.0,25.0,800
LAX,33.94250107,-118.40799709999999,107.0,11.0,219.0,15.0,326.0,26.0,800
ORD,41.9786,-87.9048,67.0,9.0,160.0,5.0,227.0,14.0,800
DEN,39.861698150635,-104.672996521,15.0,2.0,20.0,5.0,35.0,7.0,800
DFW,32.896801,-97.038002,145.0,3.0,97.0,5.0,242.0,8.0,800
LAS,36.08010101,-115.15200039999999,24.0,4.0,192.0,6.0,216.0,10.0,800
SFO,37.61899948120117,-122.375,58.0,4.0,82.0,2.0,140.0,6.0,800
PHX,33.43429946899414,-112.01200103759766,69.0,3.0,5.0,2.0,74.0,5.0,800
IAH,29.98439979553223,-95.34140014648438,10.0,2.0,28.0,2.0,38.0,4.0,800
SEA,47.449001,-122.308998,52.0,3.0,11.0,4.0,63.0,7.0,800
BOS,42.36429977,-71.00520325,58.0,2.0,312.0,9.0,370.0,11.0,800
MCO,28.429399490356445,-81.30899810791016,0.0,0.0,98.0,4.0,98.0,4.0,800
EWR,40.69250106811523,-74.168701171875,45.0,5.0,104.0,6.0,149.0,11.0,800
LGA,40.77719879,-73.87259674,57.0,6.0,69.0,6.0,126.0,12.0,800
JFK,40.63980103,-73.77890015,0.0,0.0,9.0,4.0,9.0,4.0,800
FLL,26.072599,-80.152702,17.0,2.0,47.0,4.0,64.0,6.0,800
SAN,32.7336006165,-117.190002441,67.0,5.0,19.0,2.0,86.0,7.0,800
CLT,35.2140007019043,-80.94309997558594,59.0,5.0,0.0,0.0,59.0,5.0,800
DTW,42.212398529052734,-83.35340118408203,18.0,1.0,90.0,8.0,108.0,9.0,800
DCA,38.8521,-77.037697,22.0,2.0,55.0,2.0,77.0,4.0,800
MSP,44.882,-93.221802,230.0,14.0,38.0,6.0,268.0,20.0,800
MIA,25.79319953918457,-80.29060363769531,44.0,2.0,59.0,2.0,103.0,4.0,800
BWI,39.1754,-76.668297,95.0,2.0,130.0,5.0,225.0,7.0,800
PHL,39.87189865112305,-75.24109649658203,0.0,0.0,18.0,3.0,18.0,3.0,800
TPA,27.975500106811523,-82.533203125,0.0,0.0,0.0,0.0,0.0,0.0,800
SLC,40.78839874267578,-111.97799682617188,0.0,0.0,0.0,0.0,0.0,0.0,800
IAD,38.94449997,-77.45580292,102.0,1.0,31.0,3.0,133.0,4.0,800
MDW,41.785999,-87.752403,24.0,3.0,96.0,7.0,120.0,10.0,800
BNA,36.1245002746582,-86.6781997680664,14.0,3.0,8.0,2.0,22.0,5.0,800
PDX,45.58869934,-122.59799960000001,0.0,0.0,1.0,1.0,1.0,1.0,800
DAL,32.847099,-96.851799,14.0,2.0,1.0,1.0,15.0,3.0,800
AUS,30.2987223546,-97.6997852325,0.0,0.0,0.0,0.0,0.0,0.0,800
RDU,35.877601623535156,-78.7874984741211,14.0,1.0,148.0,2.0,162.0,3.0,800
STL,38.748697,-90.370003,0.0,0.0,44.0,4.0,44.0,4.0,800
MSY,29.99340057373047,-90.25800323486328,57.0,3.0,0.0,0.0,57.0,3.0,800
MCI,39.2976,-94.713898,3.0,1.0,31.0,2.0,34.0,3.0,800
HOU,29.64539909,-95.27890015,0.0,0.0,55.0,5.0,55.0,5.0,800
PIT,40.49150085,-80.23290253,0.0,0.0,16.0,1.0,16.0,1.0,800
SJC,37.362598,-121.929001,1.0,1.0,0.0,0.0,1.0,1.0,800
OAK,37.721298,-122.221001,28.0,2.0,1.0,1.0,29.0,3.0,800
SMF,38.69540023803711,-121.59100341796876,0.0,0.0,3.0,1.0,3.0,1.0,800
IND,39.7173,-86.294403,0.0,0.0,13.0,2.0,13.0,2.0,800
SNA,33.67570114,-117.86799620000001,11.0,2.0,1.0,1.0,12.0,3.0,800
CLE,41.411701202399996,-81.8498001099,15.0,2.0,2.0,1.0,17.0,3.0,800
CMH,39.998001,-82.891899,0.0,0.0,0.0,0.0,0.0,0.0,800
SAT,29.533700942993164,-98.46980285644531,0.0,0.0,27.0,1.0,27.0,1.0,800
CVG,39.0488014221,-84.6678009033,0.0,0.0,5.0,2.0,5.0,2.0,800
JAX,30.49410057067871,-81.68789672851562,0.0,0.0,26.0,1.0,26.0,1.0,800
HNL,21.32062,-157.924228,0.0,0.0,0.0,0.0,0.0,0.0,800
MKE,42.94720077514648,-87.89659881591797,0.0,0.0,30.0,1.0,30.0,1.0,800
ATL,33.6367,-84.428101,40.0,4.0,208.0,13.0,248.0,17.0,900
LAX,33.94250107,-118.40799709999999,144.0,13.0,140.0,11.0,284.0,24.0,900
ORD,41.9786,-87.9048,133.0,10.0,123.0,8.0,256.0,18.0,900
DEN,39.861698150635,-104.672996521,0.0,0.0,109.0,3.0,109.0,3.0,900
DFW,32.896801,-97.038002,82.0,9.0,183.0,10.0,265.0,19.0,900
LAS,36.08010101,-115.15200039999999,12.0,2.0,78.0,6.0,90.0,8.0,900
SFO,37.61899948120117,-122.375,75.0,8.0,34.0,5.0,109.0,13.0,900
PHX,33.43429946899414,-112.01200103759766,13.0,2.0,28.0,5.0,41.0,7.0,900
IAH,29.98439979553223,-95.34140014648438,75.0,2.0,13.0,3.0,88.0,5.0,900
SEA,47.449001,-122.308998,13.0,2.0,29.0,4.0,42.0,6.0,900
BOS,42.36429977,-71.00520325,5.0,1.0,9.0,2.0,14.0,3.0,900
MCO,28.429399490356445,-81.30899810791016,111.0,3.0,58.0,4.0,169.0,7.0,900
EWR,40.69250106811523,-74.168701171875,81.0,5.0,67.0,3.0,148.0,8.0,900
LGA,40.77719879,-73.87259674,65.0,2.0,55.0,4.0,120.0,6.0,900
JFK,40.63980103,-73.77890015,47.0,2.0,57.0,1.0,104.0,3.0,900
FLL,26.072599,-80.152702,104.0,8.0,9.0,2.0,113.0,10.0,900
SAN,32.7336006165,-117.190002441,54.0,6.0,90.0,5.0,144.0,11.0,900
CLT,35.2140007019043,-80.94309997558594,47.0,2.0,86.0,10.0,133.0,12.0,900
DTW,42.212398529052734,-83.35340118408203,30.0,2.0,100.0,4.0,130.0,6.0,900
DCA,38.8521,-77.037697,5.0,2.0,0.0,0.0,5.0,2.0,900
MSP,44.882,-93.221802,87.0,4.0,110.0,6.0,197.0,10.0,900
MIA,25.79319953918457,-80.29060363769531,11.0,1.0,23.0,2.0,34.0,3.0,900
BWI,39.1754,-76.668297,17.0,4.0,122.0,4.0,139.0,8.0,900
PHL,39.87189865112305,-75.24109649658203,10.0,3.0,0.0,0.0,10.0,3.0,900
TPA,27.975500106811523,-82.533203125,18.0,2.0,33.0,4.0,51.0,6.0,900
SLC,40.78839874267578,-111.97799682617188,32.0,2.0,15.0,1.0,47.0,3.0,900
IAD,38.94449997,-77.45580292,0.0,0.0,27.0,2.0,27.0,2.0,900
MDW,41.785999,-87.752403,3.0,1.0,35.0,3.0,38.0,4.0,900
BNA,36.1245002746582,-86.6781997680664,18.0,1.0,8.0,3.0,26.0,4.0,900
PDX,45.58869934,-122.59799960000001,0.0,0.0,6.0,1.0,6.0,1.0,900
DAL,32.847099,-96.851799,13.0,2.0,77.0,3.0,90.0,5.0,900
AUS,30.2987223546,-97.6997852325,0.0,0.0,56.0,2.0,56.0,2.0,900
RDU,35.877601623535156,-78.7874984741211,99.0,1.0,2.0,1.0,101.0,2.0,900
STL,38.748697,-90.370003,23.0,4.0,24.0,2.0,47.0,6.0,900
MSY,29.99340057373047,-90.25800323486328,0.0,0.0,44.0,3.0,44.0,3.0,900
MCI,39.2976,-94.713898,4.0,1.0,9.0,1.0,13.0,2.0,900
HOU,29.64539909,-95.27890015,0.0,0.0,59.0,1.0,59.0,1.0,900
PIT,40.49150085,-80.23290253,4.0,1.0,0.0,0.0,4.0,1.0,900
SJC,37.362598,-121.929001,53.0,4.0,21.0,3.0,74.0,7.0,900
OAK,37.721298,-122.221001,26.0,3.0,18.0,2.0,44.0,5.0,900
SMF,38.69540023803711,-121.59100341796876,5.0,1.0,4.0,2.0,9.0,3.0,900
IND,39.7173,-86.294403,0.0,0.0,4.0,1.0,4.0,1.0,900
SNA,33.67570114,-117.86799620000001,3.0,1.0,165.0,3.0,168.0,4.0,900
CLE,41.411701202399996,-81.8498001099,0.0,0.0,2.0,1.0,2.0,1.0,900
CMH,39.998001,-82.891899,45.0,2.0,2.0,1.0,47.0,3.0,900
SAT,29.533700942993164,-98.46980285644531,13.0,1.0,0.0,0.0,13.0,1.0,900
CVG,39.0488014221,-84.6678009033,7.0,1.0,7.0,1.0,14.0,2.0,900
JAX,30.49410057067871,-81.68789672851562,0.0,0.0,0.0,0.0,0.0,0.0,900
HNL,21.32062,-157.924228,0.0,0.0,0.0,0.0,0.0,0.0,900
MKE,42.94720077514648,-87.89659881591797,6.0,1.0,0.0,0.0,6.0,1.0,900
ATL,33.6367,-84.428101,108.0,8.0,97.0,11.0,205.0,19.0,1000
LAX,33.94250107,-118.40799709999999,160.0,13.0,258.0,13.0,418.0,26.0,1000
ORD,41.9786,-87.9048,31.0,6.0,29.0,4.0,60.0,10.0,1000
DEN,39.861698150635,-104.672996521,8.0,1.0,115.0,4.0,123.0,5.0,1000
DFW,32.896801,-97.038002,0.0,0.0,138.0,9.0,138.0,9.0,1000
LAS,36.08010101,-115.15200039999999,18.0,3.0,53.0,2.0,71.0,5.0,1000
SFO,37.61899948120117,-122.375,195.0,7.0,335.0,7.0,530.0,14.0,1000
PHX,33.43429946899414,-112.01200103759766,144.0,5.0,16.0,5.0,160.0,10.0,1000
IAH,29.98439979553223,-95.34140014648438,93.0,8.0,186.0,4.0,279.0,12.0,1000
SEA,47.449001,-122.308998,19.0,2.0,36.0,2.0,55.0,4.0,1000
BOS,42.36429977,-71.00520325,156.0,2.0,52.0,6.0,208.0,8.0,1000
MCO,28.429399490356445,-81.30899810791016,10.0,2.0,126.0,5.0,136.0,7.0,1000
EWR,40.69250106811523,-74.168701171875,9.0,2.0,117.0,3.0,126.0,5.0,1000
LGA,40.77719879,-73.87259674,103.0,4.0,1002.0,6.0,1105.0,10.0,1000
JFK,40.63980103,-73.77890015,4.0,1.0,191.0,2.0,195.0,3.0,1000
FLL,26.072599,-80.152702,9.0,2.0,18.0,3.0,27.0,5.0,1000
SAN,32.7336006165,-117.190002441,56.0,6.0,52.0,6.0,108.0,12.0,1000
CLT,35.2140007019043,-80.94309997558594,90.0,8.0,95.0,5.0,185.0,13.0,1000
DTW,42.212398529052734,-83.35340118408203,2.0,1.0,134.0,4.0,136.0,5.0,1000
DCA,38.8521,-77.037697,0.0,0.0,80.0,4.0,80.0,4.0,1000
MSP,44.882,-93.221802,24.0,4.0,180.0,6.0,204.0,10.0,1000
MIA,25.79319953918457,-80.29060363769531,70.0,4.0,19.0,2.0,89.0,6.0,1000
BWI,39.1754,-76.668297,29.0,2.0,238.0,6.0,267.0,8.0,1000
PHL,39.87189865112305,-75.24109649658203,0.0,0.0,30.0,5.0,30.0,5.0,1000
TPA,27.975500106811523,-82.533203125,4.0,3.0,10.0,2.0,14.0,5.0,1000
SLC,40.78839874267578,-111.97799682617188,18.0,3.0,68.0,2.0,86.0,5.0,1000
IAD,38.94449997,-77.45580292,0.0,0.0,0.0,0.0,0.0,0.0,1000
MDW,41.785999,-87.752403,0.0,0.0,103.0,6.0,103.0,6.0,1000
BNA,36.1245002746582,-86.6781997680664,0.0,0.0,4.0,1.0,4.0,1.0,1000
PDX,45.58869934,-122.59799960000001,14.0,1.0,0.0,0.0,14.0,1.0,1000
DAL,32.847099,-96.851799,0.0,0.0,114.0,7.0,114.0,7.0,1000
AUS,30.2987223546,-97.6997852325,57.0,1.0,47.0,1.0,104.0,2.0,1000
RDU,35.877601623535156,-78.7874984741211,10.0,1.0,73.0,1.0,83.0,2.0,1000
STL,38.748697,-90.370003,7.0,1.0,3.0,1.0,10.0,2.0,1000
MSY,29.99340057373047,-90.25800323486328,13.0,1.0,49.0,1.0,62.0,2.0,1000
MCI,39.2976,-94.713898,18.0,2.0,36.0,2.0,54.0,4.0,1000
HOU,29.64539909,-95.27890015,0.0,0.0,0.0,0.0,0.0,0.0,1000
PIT,40.49150085,-80.23290253,12.0,2.0,0.0,0.0,12.0,2.0,1000
SJC,37.362598,-121.929001,38.0,1.0,7.0,3.0,45.0,4.0,1000
OAK,37.721298,-122.221001,58.0,4.0,39.0,4.0,97.0,8.0,1000
SMF,38.69540023803711,-121.59100341796876,0.0,0.0,4.0,1.0,4.0,1.0,1000
IND,39.7173,-86.294403,1.0,1.0,12.0,2.0,13.0,3.0,1000
SNA,33.67570114,-117.86799620000001,9.0,2.0,0.0,0.0,9.0,2.0,1000
CLE,41.411701202399996,-81.8498001099,26.0,2.0,4.0,1.0,30.0,3.0,1000
CMH,39.998001,-82.891899,0.0,0.0,0.0,0.0,0.0,0.0,1000
SAT,29.533700942993164,-98.46980285644531,0.0,0.0,43.0,2.0,43.0,2.0,1000
CVG,39.0488014221,-84.6678009033,28.0,3.0,4.0,2.0,32.0,5.0,1000
JAX,30.49410057067871,-81.68789672851562,13.0,1.0,1.0,1.0,14.0,2.0,1000
HNL,21.32062,-157.924228,3.0,1.0,0.0,0.0,3.0,1.0,1000
MKE,42.94720077514648,-87.89659881591797,8.0,2.0,5.0,1.0,13.0,3.0,1000
ATL,33.6367,-84.428101,19.0,5.0,132.0,10.0,151.0,15.0,1100
LAX,33.94250107,-118.40799709999999,226.0,9.0,87.0,7.0,313.0,16.0,1100
ORD,41.9786,-87.9048,837.0,12.0,78.0,5.0,915.0,17.0,1100
DEN,39.861698150635,-104.672996521,57.0,1.0,57.0,5.0,114.0,6.0,1100
DFW,32.896801,-97.038002,133.0,6.0,6.0,1.0,139.0,7.0,1100
LAS,36.08010101,-115.15200039999999,150.0,6.0,14.0,1.0,164.0,7.0,1100
SFO,37.61899948120117,-122.375,147.0,5.0,120.0,6.0,267.0,11.0,1100
PHX,33.43429946899414,-112.01200103759766,120.0,3.0,174.0,9.0,294.0,12.0,1100
IAH,29.98439979553223,-95.34140014648438,44.0,3.0,88.0,4.0,132.0,7.0,1100
SEA,47.449001,-122.308998,172.0,6.0,16.0,2.0,188.0,8.0,1100
BOS,42.36429977,-71.00520325,176.0,1.0,244.0,4.0,420.0,5.0,1100
MCO,28.429399490356445,-81.30899810791016,70.0,3.0,34.0,1.0,104.0,4.0,1100
EWR,40.69250106811523,-74.168701171875,9.0,1.0,310.0,2.0,319.0,3.0,1100
LGA,40.77719879,-73.87259674,203.0,5.0,214.0,9.0,417.0,14.0,1100
JFK,40.63980103,-73.77890015,0.0,0.0,385.0,6.0,385.0,6.0,1100
FLL,26.072599,-80.152702,32.0,2.0,10.0,1.0,42.0,3.0,1100
SAN,32.7336006165,-117.190002441,13.0,1.0,36.0,5.0,49.0,6.0,1100
CLT,35.2140007019043,-80.94309997558594,67.0,2.0,36.0,6.0,103.0,8.0,1100
DTW,42.212398529052734,-83.35340118408203,108.0,6.0,31.0,2.0,139.0,8.0,1100
DCA,38.8521,-77.037697,36.0,5.0,67.0,3.0,103.0,8.0,1100
MSP,44.882,-93.221802,18.0,2.0,21.0,2.0,39.0,4.0,1100
MIA,25.79319953918457,-80.29060363769531,27.0,1.0,2.0,1.0,29.0,2.0,1100
BWI,39.1754,-76.668297,83.0,3.0,22.0,3.0,105.0,6.0,1100
PHL,39.87189865112305,-75.24109649658203,3.0,1.0,89.0,2.0,92.0,3.0,1100
TPA,27.975500106811523,-82.533203125,33.0,3.0,28.0,1.0,61.0,4.0,1100
SLC,40.78839874267578,-111.97799682617188,0.0,0.0,23.0,3.0,23.0,3.0,1100
IAD,38.94449997,-77.45580292,64.0,5.0,0.0,0.0,64.0,5.0,1100
MDW,41.785999,-87.752403,0.0,0.0,32.0,2.0,32.0,2.0,1100
BNA,36.1245002746582,-86.6781997680664,32.0,3.0,0.0,0.0,32.0,3.0,1100
PDX,45.58869934,-122.59799960000001,14.0,2.0,11.0,2.0,25.0,4.0,1100
DAL,32.847099,-96.851799,0.0,0.0,18.0,4.0,18.0,4.0,1100
AUS,30.2987223546,-97.6997852325,38.0,2.0,56.0,2.0,94.0,4.0,1100
RDU,35.877601623535156,-78.7874984741211,13.0,2.0,78.0,5.0,91.0,7.0,1100
STL,38.748697,-90.370003,15.0,1.0,7.0,2.0,22.0,3.0,1100
MSY,29.99340057373047,-90.25800323486328,4.0,1.0,41.0,2.0,45.0,3.0,1100
MCI,39.2976,-94.713898,53.0,2.0,53.0,2.0,106.0,4.0,1100
HOU,29.64539909,-95.27890015,12.0,1.0,57.0,3.0,69.0,4.0,1100
PIT,40.49150085,-80.23290253,25.0,1.0,42.0,3.0,67.0,4.0,1100
SJC,37.362598,-121.929001,12.0,1.0,44.0,2.0,56.0,3.0,1100
OAK,37.721298,-122.221001,26.0,3.0,42.0,4.0,68.0,7.0,1100
SMF,38.69540023803711,-121.59100341796876,83.0,5.0,1.0,1.0,84.0,6.0,1100
IND,39.7173,-86.294403,25.0,1.0,24.0,3.0,49.0,4.0,1100
SNA,33.67570114,-117.86799620000001,7.0,3.0,5.0,1.0,12.0,4.0,1100
CLE,41.411701202399996,-81.8498001099,15.0,1.0,33.0,3.0,48.0,4.0,1100
CMH,39.998001,-82.891899,0.0,0.0,15.0,3.0,15.0,3.0,1100
SAT,29.533700942993164,-98.46980285644531,0.0,0.0,11.0,1.0,11.0,1.0,1100
CVG,39.0488014221,-84.6678009033,6.0,2.0,1.0,1.0,7.0,3.0,1100
JAX,30.49410057067871,-81.68789672851562,75.0,3.0,0.0,0.0,75.0,3.0,1100
HNL,21.32062,-157.924228,16.0,1.0,0.0,0.0,16.0,1.0,1100
MKE,42.94720077514648,-87.89659881591797,0.0,0.0,2.0,2.0,2.0,2.0,1100
ATL,33.6367,-84.428101,98.0,5.0,186.0,10.0,284.0,15.0,1200
LAX,33.94250107,-118.40799709999999,304.0,12.0,370.0,15.0,674.0,27.0,1200
ORD,41.9786,-87.9048,48.0,8.0,129.0,5.0,177.0,13.0,1200
DEN,39.861698150635,-104.672996521,2.0,1.0,95.0,6.0,97.0,7.0,1200
DFW,32.896801,-97.038002,82.0,4.0,119.0,5.0,201.0,9.0,1200
LAS,36.08010101,-115.15200039999999,82.0,6.0,249.0,8.0,331.0,14.0,1200
SFO,37.61899948120117,-122.375,82.0,5.0,112.0,3.0,194.0,8.0,1200
PHX,33.43429946899414,-112.01200103759766,16.0,5.0,30.0,4.0,46.0,9.0,1200
IAH,29.98439979553223,-95.34140014648438,151.0,2.0,119.0,7.0,270.0,9.0,1200
SEA,47.449001,-122.308998,49.0,5.0,73.0,5.0,122.0,10.0,1200
BOS,42.36429977,-71.00520325,3.0,1.0,245.0,3.0,248.0,4.0,1200
MCO,28.429399490356445,-81.30899810791016,182.0,2.0,21.0,2.0,203.0,4.0,1200
EWR,40.69250106811523,-74.168701171875,36.0,1.0,270.0,8.0,306.0,9.0,1200
LGA,40.77719879,-73.87259674,7.0,1.0,255.0,6.0,262.0,7.0,1200
JFK,40.63980103,-73.77890015,175.0,3.0,8.0,1.0,183.0,4.0,1200
FLL,26.072599,-80.152702,0.0,0.0,0.0,0.0,0.0,0.0,1200
SAN,32.7336006165,-117.190002441,193.0,9.0,0.0,0.0,193.0,9.0,1200
CLT,35.2140007019043,-80.94309997558594,113.0,10.0,0.0,0.0,113.0,10.0,1200
DTW,42.212398529052734,-83.35340118408203,6.0,1.0,25.0,4.0,31.0,5.0,1200
DCA,38.8521,-77.037697,105.0,5.0,41.0,2.0,146.0,7.0,1200
MSP,44.882,-93.221802,2.0,1.0,361.0,4.0,363.0,5.0,1200
MIA,25.79319953918457,-80.29060363769531,0.0,0.0,91.0,3.0,91.0,3.0,1200
BWI,39.1754,-76.668297,23.0,3.0,69.0,4.0,92.0,7.0,1200
PHL,39.87189865112305,-75.24109649658203,34.0,1.0,1.0,1.0,35.0,2.0,1200
TPA,27.975500106811523,-82.533203125,17.0,2.0,57.0,3.0,74.0,5.0,1200
SLC,40.78839874267578,-111.97799682617188,92.0,3.0,0.0,0.0,92.0,3.0,1200
IAD,38.94449997,-77.45580292,27.0,1.0,34.0,3.0,61.0,4.0,1200
MDW,41.785999,-87.752403,12.0,1.0,18.0,3.0,30.0,4.0,1200
BNA,36.1245002746582,-86.6781997680664,0.0,0.0,0.0,0.0,0.0,0.0,1200
PDX,45.58869934,-122.59799960000001,17.0,2.0,0.0,0.0,17.0,2.0,1200
DAL,32.847099,-96.851799,3.0,1.0,37.0,7.0,40.0,8.0,1200
AUS,30.2987223546,-97.6997852325,0.0,0.0,42.0,2.0,42.0,2.0,1200
RDU,35.877601623535156,-78.7874984741211,1.0,1.0,7.0,2.0,8.0,3.0,1200
STL,38.748697,-90.370003,20.0,2.0,11.0,2.0,31.0,4.0,1200
MSY,29.99340057373047,-90.25800323486328,36.0,3.0,14.0,1.0,50.0,4.0,1200
MCI,39.2976,-94.713898,0.0,0.0,0.0,0.0,0.0,0.0,1200
HOU,29.64539909,-95.27890015,6.0,1.0,267.0,2.0,273.0,3.0,1200
PIT,40.49150085,-80.23290253,5.0,1.0,0.0,0.0,5.0,1.0,1200
SJC,37.362598,-121.929001,32.0,4.0,120.0,4.0,152.0,8.0,1200
OAK,37.721298,-122.221001,0.0,0.0,48.0,2.0,48.0,2.0,1200
SMF,38.69540023803711,-121.59100341796876,28.0,3.0,47.0,3.0,75.0,6.0,1200
IND,39.7173,-86.294403,0.0,0.0,1.0,1.0,1.0,1.0,1200
SNA,33.67570114,-117.86799620000001,8.0,1.0,3.0,1.0,11.0,2.0,1200
CLE,41.411701202399996,-81.8498001099,27.0,1.0,0.0,0.0,27.0,1.0,1200
CMH,39.998001,-82.891899,22.0,1.0,0.0,0.0,22.0,1.0,1200
SAT,29.533700942993164,-98.46980285644531,34.0,1.0,44.0,1.0,78.0,2.0,1200
CVG,39.0488014221,-84.6678009033,0.0,0.0,5.0,1.0,5.0,1.0,1200
JAX,30.49410057067871,-81.68789672851562,6.0,1.0,39.0,1.0,45.0,2.0,1200
HNL,21.32062,-157.924228,0.0,0.0,1.0,1.0,1.0,1.0,1200
MKE,42.94720077514648,-87.89659881591797,0.0,0.0,0.0,0.0,0.0,0.0,1200
ATL,33.6367,-84.428101,18.0,3.0,165.0,5.0,183.0,8.0,1300
LAX,33.94250107,-118.40799709999999,99.0,7.0,135.0,4.0,234.0,11.0,1300
ORD,41.9786,-87.9048,242.0,3.0,116.0,5.0,358.0,8.0,1300
DEN,39.861698150635,-104.672996521,7.0,1.0,12.0,1.0,19.0,2.0,1300
DFW,32.896801,-97.038002,22.0,1.0,14.0,4.0,36.0,5.0,1300
LAS,36.08010101,-115.15200039999999,32.0,1.0,88.0,6.0,120.0,7.0,1300
SFO,37.61899948120117,-122.375,23.0,3.0,178.0,5.0,201.0,8.0,1300
PHX,33.43429946899414,-112.01200103759766,48.0,4.0,1.0,1.0,49.0,5.0,1300
IAH,29.98439979553223,-95.34140014648438,24.0,3.0,131.0,3.0,155.0,6.0,1300
SEA,47.449001,-122.308998,4.0,1.0,14.0,2.0,18.0,3.0,1300
BOS,42.36429977,-71.00520325,4.0,1.0,8.0,1.0,12.0,2.0,1300
MCO,28.429399490356445,-81.30899810791016,412.0,2.0,2.0,1.0,414.0,3.0,1300
EWR,40.69250106811523,-74.168701171875,28.0,2.0,32.0,2.0,60.0,4.0,1300
LGA,40.77719879,-73.87259674,40.0,1.0,49.0,2.0,89.0,3.0,1300
JFK,40.63980103,-73.77890015,28.0,3.0,0.0,0.0,28.0,3.0,1300
FLL,26.072599,-80.152702,74.0,3.0,0.0,0.0,74.0,3.0,1300
SAN,32.7336006165,-117.190002441,102.0,4.0,232.0,6.0,334.0,10.0,1300
CLT,35.2140007019043,-80.94309997558594,0.0,0.0,77.0,8.0,77.0,8.0,1300
DTW,42.212398529052734,-83.35340118408203,10.0,1.0,0.0,0.0,10.0,1.0,1300
DCA,38.8521,-77.037697,13.0,1.0,107.0,2.0,120.0,3.0,1300
MSP,44.882,-93.221802,115.0,6.0,23.0,2.0,138.0,8.0,1300
MIA,25.79319953918457,-80.29060363769531,5.0,1.0,0.0,0.0,5.0,1.0,1300
BWI,39.1754,-76.668297,50.0,4.0,101.0,7.0,151.0,11.0,1300
PHL,39.87189865112305,-75.24109649658203,0.0,0.0,46.0,2.0,46.0,2.0,1300
TPA,27.975500106811523,-82.533203125,14.0,4.0,215.0,2.0,229.0,6.0,1300
SLC,40.78839874267578,-111.97799682617188,25.0,4.0,2.0,1.0,27.0,5.0,1300
IAD,38.94449997,-77.45580292,0.0,0.0,0.0,0.0,0.0,0.0,1300
MDW,41.785999,-87.752403,54.0,3.0,5.0,1.0,59.0,4.0,1300
BNA,36.1245002746582,-86.6781997680664,75.0,4.0,6.0,1.0,81.0,5.0,1300
PDX,45.58869934,-122.59799960000001,20.0,1.0,5.0,1.0,25.0,2.0,1300
DAL,32.847099,-96.851799,95.0,2.0,173.0,7.0,268.0,9.0,1300
AUS,30.2987223546,-97.6997852325,0.0,0.0,7.0,1.0,7.0,1.0,1300
RDU,35.877601623535156,-78.7874984741211,2.0,1.0,0.0,0.0,2.0,1.0,1300
STL,38.748697,-90.370003,0.0,0.0,29.0,3.0,29.0,3.0,1300
MSY,29.99340057373047,-90.25800323486328,0.0,0.0,24.0,1.0,24.0,1.0,1300
MCI,39.2976,-94.713898,0.0,0.0,4.0,1.0,4.0,1.0,1300
HOU,29.64539909,-95.27890015,45.0,2.0,50.0,2.0,95.0,4.0,1300
PIT,40.49150085,-80.23290253,33.0,2.0,16.0,1.0,49.0,3.0,1300
SJC,37.362598,-121.929001,76.0,5.0,394.0,6.0,470.0,11.0,1300
OAK,37.721298,-122.221001,0.0,0.0,75.0,3.0,75.0,3.0,1300
SMF,38.69540023803711,-121.59100341796876,87.0,3.0,82.0,3.0,169.0,6.0,1300
IND,39.7173,-86.294403,0.0,0.0,0.0,0.0,0.0,0.0,1300
SNA,33.67570114,-117.86799620000001,65.0,3.0,2.0,1.0,67.0,4.0,1300
CLE,41.411701202399996,-81.8498001099,53.0,1.0,0.0,0.0,53.0,1.0,1300
CMH,39.998001,-82.891899,0.0,0.0,0.0,0.0,0.0,0.0,1300
SAT,29.533700942993164,-98.46980285644531,0.0,0.0,0.0,0.0,0.0,0.0,1300
CVG,39.0488014221,-84.6678009033,4.0,1.0,0.0,0.0,4.0,1.0,1300
JAX,30.49410057067871,-81.68789672851562,21.0,1.0,3.0,1.0,24.0,2.0,1300
HNL,21.32062,-157.924228,59.0,2.0,4.0,1.0,63.0,3.0,1300
MKE,42.94720077514648,-87.89659881591797,49.0,1.0,19.0,1.0,68.0,2.0,1300
ATL,33.6367,-84.428101,25.0,3.0,104.0,3.0,129.0,6.0,1400
LAX,33.94250107,-118.40799709999999,173.0,9.0,65.0,6.0,238.0,15.0,1400
ORD,41.9786,-87.9048,66.0,6.0,28.0,4.0,94.0,10.0,1400
DEN,39.861698150635,-104.672996521,51.0,2.0,0.0,0.0,51.0,2.0,1400
DFW,32.896801,-97.038002,3.0,1.0,81.0,1.0,84.0,2.0,1400
LAS,36.08010101,-115.15200039999999,35.0,3.0,33.0,4.0,68.0,7.0,1400
SFO,37.61899948120117,-122.375,17.0,3.0,4.0,2.0,21.0,5.0,1400
PHX,33.43429946899414,-112.01200103759766,109.0,5.0,37.0,5.0,146.0,10.0,1400
IAH,29.98439979553223,-95.34140014648438,0.0,0.0,1.0,1.0,1.0,1.0,1400
SEA,47.449001,-122.308998,8.0,2.0,0.0,0.0,8.0,2.0,1400
BOS,42.36429977,-71.00520325,69.0,3.0,257.0,3.0,326.0,6.0,1400
MCO,28.429399490356445,-81.30899810791016,258.0,5.0,183.0,6.0,441.0,11.0,1400
EWR,40.69250106811523,-74.168701171875,62.0,6.0,15.0,1.0,77.0,7.0,1400
LGA,40.77719879,-73.87259674,0.0,0.0,332.0,4.0,332.0,4.0,1400
JFK,40.63980103,-73.77890015,43.0,2.0,42.0,4.0,85.0,6.0,1400
FLL,26.072599,-80.152702,0.0,0.0,108.0,2.0,108.0,2.0,1400
SAN,32.7336006165,-117.190002441,27.0,3.0,80.0,4.0,107.0,7.0,1400
CLT,35.2140007019043,-80.94309997558594,0.0,0.0,123.0,3.0,123.0,3.0,1400
DTW,42.212398529052734,-83.35340118408203,23.0,5.0,108.0,3.0,131.0,8.0,1400
DCA,38.8521,-77.037697,0.0,0.0,0.0,0.0,0.0,0.0,1400
MSP,44.882,-93.221802,2.0,1.0,4.0,1.0,6.0,2.0,1400
MIA,25.79319953918457,-80.29060363769531,201.0,2.0,178.0,3.0,379.0,5.0,1400
BWI,39.1754,-76.668297,8.0,1.0,33.0,5.0,41.0,6.0,1400
PHL,39.87189865112305,-75.24109649658203,17.0,1.0,72.0,2.0,89.0,3.0,1400
TPA,27.975500106811523,-82.533203125,73.0,2.0,95.0,2.0,168.0,4.0,1400
SLC,40.78839874267578,-111.97799682617188,59.0,4.0,31.0,1.0,90.0,5.0,1400
IAD,38.94449997,-77.45580292,4.0,1.0,0.0,0.0,4.0,1.0,1400
MDW,41.785999,-87.752403,35.0,1.0,81.0,5.0,116.0,6.0,1400
BNA,36.1245002746582,-86.6781997680664,47.0,2.0,28.0,1.0,75.0,3.0,1400
PDX,45.58869934,-122.59799960000001,46.0,2.0,0.0,0.0,46.0,2.0,1400
DAL,32.847099,-96.851799,45.0,1.0,81.0,6.0,126.0,7.0,1400
AUS,30.2987223546,-97.6997852325,0.0,0.0,0.0,0.0,0.0,0.0,1400
RDU,35.877601623535156,-78.7874984741211,179.0,1.0,0.0,0.0,179.0,1.0,1400
STL,38.748697,-90.370003,0.0,0.0,0.0,0.0,0.0,0.0,1400
MSY,29.99340057373047,-90.25800323486328,1.0,1.0,0.0,0.0,1.0,1.0,1400
MCI,39.2976,-94.713898,3.0,1.0,358.0,1.0,361.0,2.0,1400
HOU,29.64539909,-95.27890015,116.0,1.0,34.0,6.0,150.0,7.0,1400
PIT,40.49150085,-80.23290253,51.0,2.0,6.0,1.0,57.0,3.0,1400
SJC,37.362598,-121.929001,23.0,2.0,0.0,0.0,23.0,2.0,1400
OAK,37.721298,-122.221001,13.0,1.0,0.0,0.0,13.0,1.0,1400
SMF,38.69540023803711,-121.59100341796876,0.0,0.0,17.0,3.0,17.0,3.0,1400
IND,39.7173,-86.294403,20.0,1.0,0.0,0.0,20.0,1.0,1400
SNA,33.67570114,-117.86799620000001,45.0,3.0,20.0,2.0,65.0,5.0,1400
CLE,41.411701202399996,-81.8498001099,46.0,3.0,0.0,0.0,46.0,3.0,1400
CMH,39.998001,-82.891899,13.0,1.0,7.0,1.0,20.0,2.0,1400
SAT,29.533700942993164,-98.46980285644531,0.0,0.0,0.0,0.0,0.0,0.0,1400
CVG,39.0488014221,-84.6678009033,30.0,2.0,8.0,2.0,38.0,4.0,1400
JAX,30.49410057067871,-81.68789672851562,0.0,0.0,0.0,0.0,0.0,0.0,1400
HNL,21.32062,-157.924228,92.0,4.0,92.0,4.0,184.0,8.0,1400
MKE,42.94720077514648,-87.89659881591797,0.0,0.0,23.0,1.0,23.0,1.0,1400
ATL,33.6367,-84.428101,77.0,2.0,135.0,13.0,212.0,15.0,1500
LAX,33.94250107,-118.40799709999999,42.0,4.0,106.0,2.0,148.0,6.0,1500
ORD,41.9786,-87.9048,0.0,0.0,281.0,7.0,281.0,7.0,1500
DEN,39.861698150635,-104.672996521,73.0,1.0,57.0,1.0,130.0,2.0,1500
DFW,32.896801,-97.038002,75.0,1.0,395.0,2.0,470.0,3.0,1500
LAS,36.08010101,-115.15200039999999,17.0,4.0,14.0,3.0,31.0,7.0,1500
SFO,37.61899948120117,-122.375,23.0,3.0,0.0,0.0,23.0,3.0,1500
PHX,33.43429946899414,-112.01200103759766,211.0,7.0,29.0,5.0,240.0,12.0,1500
IAH,29.98439979553223,-95.34140014648438,35.0,1.0,47.0,1.0,82.0,2.0,1500
SEA,47.449001,-122.308998,75.0,3.0,18.0,3.0,93.0,6.0,1500
BOS,42.36429977,-71.00520325,18.0,3.0,56.0,4.0,74.0,7.0,1500
MCO,28.429399490356445,-81.30899810791016,40.0,3.0,18.0,2.0,58.0,5.0,1500
EWR,40.69250106811523,-74.168701171875,68.0,6.0,59.0,3.0,127.0,9.0,1500
LGA,40.77719879,-73.87259674,103.0,2.0,6.0,1.0,109.0,3.0,1500
JFK,40.63980103,-73.77890015,15.0,2.0,66.0,5.0,81.0,7.0,1500
FLL,26.072599,-80.152702,25.0,3.0,0.0,0.0,25.0,3.0,1500
SAN,32.7336006165,-117.190002441,133.0,4.0,49.0,3.0,182.0,7.0,1500
CLT,35.2140007019043,-80.94309997558594,7.0,2.0,0.0,0.0,7.0,2.0,1500
DTW,42.212398529052734,-83.35340118408203,24.0,1.0,3.0,1.0,27.0,2.0,1500
DCA,38.8521,-77.037697,291.0,2.0,0.0,0.0,291.0,2.0,1500
MSP,44.882,-93.221802,85.0,1.0,0.0,0.0,85.0,1.0,1500
MIA,25.79319953918457,-80.29060363769531,105.0,2.0,18.0,2.0,123.0,4.0,1500
BWI,39.1754,-76.668297,14.0,1.0,52.0,2.0,66.0,3.0,1500
PHL,39.87189865112305,-75.24109649658203,25.0,2.0,0.0,0.0,25.0,2.0,1500
TPA,27.975500106811523,-82.533203125,61.0,4.0,0.0,0.0,61.0,4.0,1500
SLC,40.78839874267578,-111.97799682617188,1.0,1.0,75.0,5.0,76.0,6.0,1500
IAD,38.94449997,-77.45580292,124.0,3.0,0.0,0.0,124.0,3.0,1500
MDW,41.785999,-87.752403,0.0,0.0,8.0,1.0,8.0,1.0,1500
BNA,36.1245002746582,-86.6781997680664,1.0,1.0,5.0,1.0,6.0,2.0,1500
PDX,45.58869934,-122.59799960000001,13.0,1.0,0.0,0.0,13.0,1.0,1500
DAL,32.847099,-96.851799,0.0,0.0,63.0,1.0,63.0,1.0,1500
AUS,30.2987223546,-97.6997852325,1.0,1.0,0.0,0.0,1.0,1.0,1500
RDU,35.877601623535156,-78.7874984741211,15.0,3.0,196.0,3.0,211.0,6.0,1500
STL,38.748697,-90.370003,29.0,2.0,0.0,0.0,29.0,2.0,1500
MSY,29.99340057373047,-90.25800323486328,0.0,0.0,0.0,0.0,0.0,0.0,1500
MCI,39.2976,-94.713898,0.0,0.0,1.0,1.0,1.0,1.0,1500
HOU,29.64539909,-95.27890015,0.0,0.0,43.0,1.0,43.0,1.0,1500
PIT,40.49150085,-80.23290253,71.0,3.0,20.0,1.0,91.0,4.0,1500
SJC,37.362598,-121.929001,14.0,1.0,45.0,3.0,59.0,4.0,1500
OAK,37.721298,-122.221001,97.0,3.0,14.0,2.0,111.0,5.0,1500
SMF,38.69540023803711,-121.59100341796876,12.0,2.0,1.0,1.0,13.0,3.0,1500
IND,39.7173,-86.294403,273.0,3.0,0.0,0.0,273.0,3.0,1500
SNA,33.67570114,-117.86799620000001,7.0,1.0,14.0,2.0,21.0,3.0,1500
CLE,41.411701202399996,-81.8498001099,0.0,0.0,0.0,0.0,0.0,0.0,1500
CMH,39.998001,-82.891899,531.0,4.0,0.0,0.0,531.0,4.0,1500
SAT,29.533700942993164,-98.46980285644531,18.0,1.0,0.0,0.0,18.0,1.0,1500
CVG,39.0488014221,-84.6678009033,106.0,1.0,0.0,0.0,106.0,1.0,1500
JAX,30.49410057067871,-81.68789672851562,7.0,2.0,0.0,0.0,7.0,2.0,1500
HNL,21.32062,-157.924228,15.0,2.0,32.0,1.0,47.0,3.0,1500
MKE,42.94720077514648,-87.89659881591797,6.0,1.0,0.0,0.0,6.0,1.0,1500
ATL,33.6367,-84.428101,12.0,2.0,76.0,2.0,88.0,4.0,1600
LAX,33.94250107,-118.40799709999999,25.0,1.0,3.0,1.0,28.0,2.0,1600
ORD,41.9786,-87.9048,374.0,4.0,1.0,1.0,375.0,5.0,1600
DEN,39.861698150635,-104.672996521,101.0,3.0,81.0,4.0,182.0,7.0,1600
DFW,32.896801,-97.038002,0.0,0.0,7.0,1.0,7.0,1.0,1600
LAS,36.08010101,-115.15200039999999,6.0,3.0,23.0,3.0,29.0,6.0,1600
SFO,37.61899948120117,-122.375,91.0,4.0,13.0,2.0,104.0,6.0,1600
PHX,33.43429946899414,-112.01200103759766,12.0,2.0,52.0,4.0,64.0,6.0,1600
IAH,29.98439979553223,-95.34140014648438,0.0,0.0,8.0,1.0,8.0,1.0,1600
SEA,47.449001,-122.308998,10.0,1.0,48.0,1.0,58.0,2.0,1600
BOS,42.36429977,-71.00520325,18.0,1.0,83.0,2.0,101.0,3.0,1600
MCO,28.429399490356445,-81.30899810791016,8.0,2.0,61.0,4.0,69.0,6.0,1600
EWR,40.69250106811523,-74.168701171875,43.0,2.0,171.0,4.0,214.0,6.0,1600
LGA,40.77719879,-73.87259674,115.0,2.0,0.0,0.0,115.0,2.0,1600
JFK,40.63980103,-73.77890015,46.0,3.0,179.0,3.0,225.0,6.0,1600
FLL,26.072599,-80.152702,30.0,1.0,94.0,2.0,124.0,3.0,1600
SAN,32.7336006165,-117.190002441,5.0,1.0,47.0,1.0,52.0,2.0,1600
CLT,35.2140007019043,-80.94309997558594,0.0,0.0,3.0,1.0,3.0,1.0,1600
DTW,42.212398529052734,-83.35340118408203,0.0,0.0,55.0,2.0,55.0,2.0,1600
DCA,38.8521,-77.037697,18.0,1.0,111.0,1.0,129.0,2.0,1600
MSP,44.882,-93.221802,26.0,1.0,0.0,0.0,26.0,1.0,1600
MIA,25.79319953918457,-80.29060363769531,117.0,3.0,8.0,1.0,125.0,4.0,1600
BWI,39.1754,-76.668297,8.0,1.0,9.0,1.0,17.0,2.0,1600
PHL,39.87189865112305,-75.24109649658203,2.0,1.0,0.0,0.0,2.0,1.0,1600
TPA,27.975500106811523,-82.533203125,4.0,1.0,0.0,0.0,4.0,1.0,1600
SLC,40.78839874267578,-111.97799682617188,0.0,0.0,0.0,0.0,0.0,0.0,1600
IAD,38.94449997,-77.45580292,27.0,4.0,0.0,0.0,27.0,4.0,1600
MDW,41.785999,-87.752403,3.0,1.0,9.0,1.0,12.0,2.0,1600
BNA,36.1245002746582,-86.6781997680664,0.0,0.0,2.0,1.0,2.0,1.0,1600
PDX,45.58869934,-122.59799960000001,51.0,4.0,0.0,0.0,51.0,4.0,1600
DAL,32.847099,-96.851799,0.0,0.0,6.0,1.0,6.0,1.0,1600
AUS,30.2987223546,-97.6997852325,91.0,1.0,0.0,0.0,91.0,1.0,1600
RDU,35.877601623535156,-78.7874984741211,19.0,2.0,0.0,0.0,19.0,2.0,1600
STL,38.748697,-90.370003,255.0,3.0,93.0,4.0,348.0,7.0,1600
MSY,29.99340057373047,-90.25800323486328,0.0,0.0,0.0,0.0,0.0,0.0,1600
MCI,39.2976,-94.713898,0.0,0.0,0.0,0.0,0.0,0.0,1600
HOU,29.64539909,-95.27890015,0.0,0.0,0.0,0.0,0.0,0.0,1600
PIT,40.49150085,-80.23290253,9.0,1.0,0.0,0.0,9.0,1.0,1600
SJC,37.362598,-121.929001,0.0,0.0,0.0,0.0,0.0,0.0,1600
OAK,37.721298,-122.221001,0.0,0.0,101.0,2.0,101.0,2.0,1600
SMF,38.69540023803711,-121.59100341796876,12.0,1.0,0.0,0.0,12.0,1.0,1600
IND,39.7173,-86.294403,7.0,1.0,26.0,2.0,33.0,3.0,1600
SNA,33.67570114,-117.86799620000001,10.0,2.0,0.0,0.0,10.0,2.0,1600
CLE,41.411701202399996,-81.8498001099,57.0,1.0,0.0,0.0,57.0,1.0,1600
CMH,39.998001,-82.891899,11.0,1.0,0.0,0.0,11.0,1.0,1600
SAT,29.533700942993164,-98.46980285644531,18.0,1.0,3.0,1.0,21.0,2.0,1600
CVG,39.0488014221,-84.6678009033,4.0,1.0,6.0,1.0,10.0,2.0,1600
JAX,30.49410057067871,-81.68789672851562,0.0,0.0,40.0,1.0,40.0,1.0,1600
HNL,21.32062,-157.924228,298.0,4.0,206.0,4.0,504.0,8.0,1600
MKE,42.94720077514648,-87.89659881591797,7.0,2.0,0.0,0.0,7.0,2.0,1600
ATL,33.6367,-84.428101,15.0,2.0,41.0,1.0,56.0,3.0,1700
LAX,33.94250107,-118.40799709999999,21.0,1.0,0.0,0.0,21.0,1.0,1700
ORD,41.9786,-87.9048,1.0,1.0,948.0,3.0,949.0,4.0,1700
DEN,39.861698150635,-104.672996521,0.0,0.0,1.0,1.0,1.0,1.0,1700
DFW,32.896801,-97.038002,60.0,2.0,0.0,0.0,60.0,2.0,1700
LAS,36.08010101,-115.15200039999999,7.0,2.0,17.0,1.0,24.0,3.0,1700
SFO,37.61899948120117,-122.375,6.0,1.0,11.0,1.0,17.0,2.0,1700
PHX,33.43429946899414,-112.01200103759766,19.0,2.0,0.0,0.0,19.0,2.0,1700
IAH,29.98439979553223,-95.34140014648438,47.0,2.0,0.0,0.0,47.0,2.0,1700
SEA,47.449001,-122.308998,93.0,3.0,56.0,3.0,149.0,6.0,1700
BOS,42.36429977,-71.00520325,349.0,5.0,442.0,2.0,791.0,7.0,1700
MCO,28.429399490356445,-81.30899810791016,0.0,0.0,9.0,1.0,9.0,1.0,1700
EWR,40.69250106811523,-74.168701171875,67.0,4.0,38.0,1.0,105.0,5.0,1700
LGA,40.77719879,-73.87259674,46.0,2.0,0.0,0.0,46.0,2.0,1700
JFK,40.63980103,-73.77890015,178.0,3.0,9.0,1.0,187.0,4.0,1700
FLL,26.072599,-80.152702,4.0,1.0,0.0,0.0,4.0,1.0,1700
SAN,32.7336006165,-117.190002441,11.0,3.0,3.0,1.0,14.0,4.0,1700
CLT,35.2140007019043,-80.94309997558594,0.0,0.0,0.0,0.0,0.0,0.0,1700
DTW,42.212398529052734,-83.35340118408203,193.0,2.0,0.0,0.0,193.0,2.0,1700
DCA,38.8521,-77.037697,87.0,1.0,0.0,0.0,87.0,1.0,1700
MSP,44.882,-93.221802,11.0,1.0,27.0,1.0,38.0,2.0,1700
MIA,25.79319953918457,-80.29060363769531,47.0,2.0,32.0,4.0,79.0,6.0,1700
BWI,39.1754,-76.668297,0.0,0.0,0.0,0.0,0.0,0.0,1700
PHL,39.87189865112305,-75.24109649658203,0.0,0.0,36.0,1.0,36.0,1.0,1700
TPA,27.975500106811523,-82.533203125,0.0,0.0,6.0,1.0,6.0,1.0,1700
SLC,40.78839874267578,-111.97799682617188,0.0,0.0,0.0,0.0,0.0,0.0,1700
IAD,38.94449997,-77.45580292,0.0,0.0,8.0,2.0,8.0,2.0,1700
MDW,41.785999,-87.752403,42.0,1.0,0.0,0.0,42.0,1.0,1700
BNA,36.1245002746582,-86.6781997680664,62.0,1.0,0.0,0.0,62.0,1.0,1700
PDX,45.58869934,-122.59799960000001,0.0,0.0,0.0,0.0,0.0,0.0,1700
DAL,32.847099,-96.851799,154.0,1.0,13.0,1.0,167.0,2.0,1700
AUS,30.2987223546,-97.6997852325,0.0,0.0,0.0,0.0,0.0,0.0,1700
RDU,35.877601623535156,-78.7874984741211,4.0,1.0,32.0,1.0,36.0,2.0,1700
STL,38.748697,-90.370003,26.0,1.0,0.0,0.0,26.0,1.0,1700
MSY,29.99340057373047,-90.25800323486328,2.0,1.0,0.0,0.0,2.0,1.0,1700
MCI,39.2976,-94.713898,0.0,0.0,0.0,0.0,0.0,0.0,1700
HOU,29.64539909,-95.27890015,0.0,0.0,0.0,0.0,0.0,0.0,1700
PIT,40.49150085,-80.23290253,0.0,0.0,38.0,1.0,38.0,1.0,1700
SJC,37.362598,-121.929001,59.0,3.0,0.0,0.0,59.0,3.0,1700
OAK,37.721298,-122.221001,29.0,1.0,1.0,1.0,30.0,2.0,1700
SMF,38.69540023803711,-121.59100341796876,13.0,2.0,0.0,0.0,13.0,2.0,1700
IND,39.7173,-86.294403,0.0,0.0,0.0,0.0,0.0,0.0,1700
SNA,33.67570114,-117.86799620000001,7.0,1.0,0.0,0.0,7.0,1.0,1700
CLE,41.411701202399996,-81.8498001099,4.0,1.0,65.0,2.0,69.0,3.0,1700
CMH,39.998001,-82.891899,7.0,1.0,0.0,0.0,7.0,1.0,1700
SAT,29.533700942993164,-98.46980285644531,6.0,1.0,0.0,0.0,6.0,1.0,1700
CVG,39.0488014221,-84.6678009033,0.0,0.0,0.0,0.0,0.0,0.0,1700
JAX,30.49410057067871,-81.68789672851562,0.0,0.0,0.0,0.0,0.0,0.0,1700
HNL,21.32062,-157.924228,0.0,0.0,45.0,1.0,45.0,1.0,1700
MKE,42.94720077514648,-87.89659881591797,10.0,1.0,0.0,0.0,10.0,1.0,1700
ATL,33.6367,-84.428101,9.0,1.0,21.0,3.0,30.0,4.0,1800
LAX,33.94250107,-118.40799709999999,25.0,1.0,17.0,2.0,42.0,3.0,1800
ORD,41.9786,-87.9048,0.0,0.0,53.0,1.0,53.0,1.0,1800
DEN,39.861698150635,-104.672996521,0.0,0.0,0.0,0.0,0.0,0.0,1800
DFW,32.896801,-97.038002,115.0,6.0,93.0,10.0,208.0,16.0,1800
LAS,36.08010101,-115.15200039999999,0.0,0.0,0.0,0.0,0.0,0.0,1800
SFO,37.61899948120117,-122.375,13.0,3.0,51.0,2.0,64.0,5.0,1800
PHX,33.43429946899414,-112.01200103759766,77.0,2.0,27.0,1.0,104.0,3.0,1800
IAH,29.98439979553223,-95.34140014648438,17.0,1.0,13.0,3.0,30.0,4.0,1800
SEA,47.449001,-122.308998,0.0,0.0,51.0,2.0,51.0,2.0,1800
BOS,42.36429977,-71.00520325,30.0,3.0,164.0,2.0,194.0,5.0,1800
MCO,28.429399490356445,-81.30899810791016,153.0,3.0,1.0,1.0,154.0,4.0,1800
EWR,40.69250106811523,-74.168701171875,37.0,2.0,88.0,2.0,125.0,4.0,1800
LGA,40.77719879,-73.87259674,0.0,0.0,4.0,1.0,4.0,1.0,1800
JFK,40.63980103,-73.77890015,47.0,3.0,56.0,4.0,103.0,7.0,1800
FLL,26.072599,-80.152702,72.0,2.0,0.0,0.0,72.0,2.0,1800
SAN,32.7336006165,-117.190002441,0.0,0.0,0.0,0.0,0.0,0.0,1800
CLT,35.2140007019043,-80.94309997558594,0.0,0.0,0.0,0.0,0.0,0.0,1800
DTW,42.212398529052734,-83.35340118408203,47.0,2.0,0.0,0.0,47.0,2.0,1800
DCA,38.8521,-77.037697,17.0,1.0,59.0,1.0,76.0,2.0,1800
MSP,44.882,-93.221802,0.0,0.0,0.0,0.0,0.0,0.0,1800
MIA,25.79319953918457,-80.29060363769531,0.0,0.0,6.0,1.0,6.0,1.0,1800
BWI,39.1754,-76.668297,0.0,0.0,0.0,0.0,0.0,0.0,1800
PHL,39.87189865112305,-75.24109649658203,75.0,1.0,0.0,0.0,75.0,1.0,1800
TPA,27.975500106811523,-82.533203125,0.0,0.0,0.0,0.0,0.0,0.0,1800
SLC,40.78839874267578,-111.97799682617188,0.0,0.0,0.0,0.0,0.0,0.0,1800
IAD,38.94449997,-77.45580292,0.0,0.0,0.0,0.0,0.0,0.0,1800
MDW,41.785999,-87.752403,0.0,0.0,0.0,0.0,0.0,0.0,1800
BNA,36.1245002746582,-86.6781997680664,6.0,1.0,0.0,0.0,6.0,1.0,1800
PDX,45.58869934,-122.59799960000001,0.0,0.0,0.0,0.0,0.0,0.0,1800
DAL,32.847099,-96.851799,103.0,1.0,0.0,0.0,103.0,1.0,1800
AUS,30.2987223546,-97.6997852325,2.0,1.0,0.0,0.0,2.0,1.0,1800
RDU,35.877601623535156,-78.7874984741211,0.0,0.0,0.0,0.0,0.0,0.0,1800
STL,38.748697,-90.370003,0.0,0.0,0.0,0.0,0.0,0.0,1800
MSY,29.99340057373047,-90.25800323486328,0.0,0.0,0.0,0.0,0.0,0.0,1800
MCI,39.2976,-94.713898,0.0,0.0,0.0,0.0,0.0,0.0,1800
HOU,29.64539909,-95.27890015,0.0,0.0,0.0,0.0,0.0,0.0,1800
PIT,40.49150085,-80.23290253,45.0,2.0,0.0,0.0,45.0,2.0,1800
SJC,37.362598,-121.929001,0.0,0.0,0.0,0.0,0.0,0.0,1800
OAK,37.721298,-122.221001,0.0,0.0,0.0,0.0,0.0,0.0,1800
SMF,38.69540023803711,-121.59100341796876,0.0,0.0,0.0,0.0,0.0,0.0,1800
IND,39.7173,-86.294403,2.0,1.0,0.0,0.0,2.0,1.0,1800
SNA,33.67570114,-117.86799620000001,2.0,1.0,0.0,0.0,2.0,1.0,1800
CLE,41.411701202399996,-81.8498001099,0.0,0.0,0.0,0.0,0.0,0.0,1800
CMH,39.998001,-82.891899,0.0,0.0,0.0,0.0,0.0,0.0,1800
SAT,29.533700942993164,-98.46980285644531,0.0,0.0,0.0,0.0,0.0,0.0,1800
CVG,39.0488014221,-84.6678009033,109.0,1.0,0.0,0.0,109.0,1.0,1800
JAX,30.49410057067871,-81.68789672851562,0.0,0.0,0.0,0.0,0.0,0.0,1800
HNL,21.32062,-157.924228,0.0,0.0,214.0,2.0,214.0,2.0,1800
MKE,42.94720077514648,-87.89659881591797,0.0,0.0,0.0,0.0,0.0,0.0,1800
ATL,33.6367,-84.428101,23.0,1.0,12.0,2.0,35.0,3.0,1900
LAX,33.94250107,-118.40799709999999,7.0,2.0,4.0,2.0,11.0,4.0,1900
ORD,41.9786,-87.9048,0.0,0.0,67.0,1.0,67.0,1.0,1900
DEN,39.861698150635,-104.672996521,0.0,0.0,0.0,0.0,0.0,0.0,1900
DFW,32.896801,-97.038002,120.0,2.0,129.0,5.0,249.0,7.0,1900
LAS,36.08010101,-115.15200039999999,25.0,2.0,0.0,0.0,25.0,2.0,1900
SFO,37.61899948120117,-122.375,1053.0,4.0,8.0,1.0,1061.0,5.0,1900
PHX,33.43429946899414,-112.01200103759766,33.0,1.0,0.0,0.0,33.0,1.0,1900
IAH,29.98439979553223,-95.34140014648438,39.0,1.0,0.0,0.0,39.0,1.0,1900
SEA,47.449001,-122.308998,5.0,1.0,7.0,1.0,12.0,2.0,1900
BOS,42.36429977,-71.00520325,120.0,4.0,61.0,2.0,181.0,6.0,1900
MCO,28.429399490356445,-81.30899810791016,0.0,0.0,0.0,0.0,0.0,0.0,1900
EWR,40.69250106811523,-74.168701171875,27.0,1.0,9.0,1.0,36.0,2.0,1900
LGA,40.77719879,-73.87259674,0.0,0.0,0.0,0.0,0.0,0.0,1900
JFK,40.63980103,-73.77890015,4.0,1.0,279.0,8.0,283.0,9.0,1900
FLL,26.072599,-80.152702,0.0,0.0,0.0,0.0,0.0,0.0,1900
SAN,32.7336006165,-117.190002441,7.0,1.0,0.0,0.0,7.0,1.0,1900
CLT,35.2140007019043,-80.94309997558594,30.0,1.0,0.0,0.0,30.0,1.0,1900
DTW,42.212398529052734,-83.35340118408203,17.0,1.0,41.0,1.0,58.0,2.0,1900
DCA,38.8521,-77.037697,0.0,0.0,0.0,0.0,0.0,0.0,1900
MSP,44.882,-93.221802,3.0,1.0,0.0,0.0,3.0,1.0,1900
MIA,25.79319953918457,-80.29060363769531,2.0,1.0,11.0,1.0,13.0,2.0,1900
BWI,39.1754,-76.668297,32.0,1.0,0.0,0.0,32.0,1.0,1900
PHL,39.87189865112305,-75.24109649658203,379.0,2.0,69.0,1.0,448.0,3.0,1900
TPA,27.975500106811523,-82.533203125,0.0,0.0,0.0,0.0,0.0,0.0,1900
SLC,40.78839874267578,-111.97799682617188,0.0,0.0,0.0,0.0,0.0,0.0,1900
IAD,38.94449997,-77.45580292,9.0,1.0,382.0,4.0,391.0,5.0,1900
MDW,41.785999,-87.752403,0.0,0.0,0.0,0.0,0.0,0.0,1900
BNA,36.1245002746582,-86.6781997680664,0.0,0.0,0.0,0.0,0.0,0.0,1900
PDX,45.58869934,-122.59799960000001,10.0,1.0,17.0,1.0,27.0,2.0,1900
DAL,32.847099,-96.851799,1.0,1.0,56.0,1.0,57.0,2.0,1900
AUS,30.2987223546,-97.6997852325,0.0,0.0,0.0,0.0,0.0,0.0,1900
RDU,35.877601623535156,-78.7874984741211,0.0,0.0,0.0,0.0,0.0,0.0,1900
STL,38.748697,-90.370003,0.0,0.0,0.0,0.0,0.0,0.0,1900
MSY,29.99340057373047,-90.25800323486328,30.0,1.0,0.0,0.0,30.0,1.0,1900
MCI,39.2976,-94.713898,0.0,0.0,0.0,0.0,0.0,0.0,1900
HOU,29.64539909,-95.27890015,0.0,0.0,0.0,0.0,0.0,0.0,1900
PIT,40.49150085,-80.23290253,0.0,0.0,0.0,0.0,0.0,0.0,1900
SJC,37.362598,-121.929001,0.0,0.0,0.0,0.0,0.0,0.0,1900
OAK,37.721298,-122.221001,0.0,0.0,0.0,0.0,0.0,0.0,1900
SMF,38.69540023803711,-121.59100341796876,8.0,1.0,0.0,0.0,8.0,1.0,1900
IND,39.7173,-86.294403,0.0,0.0,0.0,0.0,0.0,0.0,1900
SNA,33.67570114,-117.86799620000001,0.0,0.0,0.0,0.0,0.0,0.0,1900
CLE,41.411701202399996,-81.8498001099,1.0,1.0,0.0,0.0,1.0,1.0,1900
CMH,39.998001,-82.891899,0.0,0.0,0.0,0.0,0.0,0.0,1900
SAT,29.533700942993164,-98.46980285644531,0.0,0.0,0.0,0.0,0.0,0.0,1900
CVG,39.0488014221,-84.6678009033,0.0,0.0,0.0,0.0,0.0,0.0,1900
JAX,30.49410057067871,-81.68789672851562,0.0,0.0,0.0,0.0,0.0,0.0,1900
HNL,21.32062,-157.924228,0.0,0.0,0.0,0.0,0.0,0.0,1900
MKE,42.94720077514648,-87.89659881591797,36.0,2.0,0.0,0.0,36.0,2.0,1900
ATL,33.6367,-84.428101,1.0,1.0,0.0,0.0,1.0,1.0,2000
LAX,33.94250107,-118.40799709999999,37.0,5.0,0.0,0.0,37.0,5.0,2000
ORD,41.9786,-87.9048,0.0,0.0,0.0,0.0,0.0,0.0,2000
DEN,39.861698150635,-104.672996521,0.0,0.0,0.0,0.0,0.0,0.0,2000
DFW,32.896801,-97.038002,0.0,0.0,111.0,2.0,111.0,2.0,2000
LAS,36.08010101,-115.15200039999999,37.0,3.0,25.0,3.0,62.0,6.0,2000
SFO,37.61899948120117,-122.375,13.0,3.0,54.0,2.0,67.0,5.0,2000
PHX,33.43429946899414,-112.01200103759766,0.0,0.0,0.0,0.0,0.0,0.0,2000
IAH,29.98439979553223,-95.34140014648438,0.0,0.0,5.0,1.0,5.0,1.0,2000
SEA,47.449001,-122.308998,0.0,0.0,38.0,1.0,38.0,1.0,2000
BOS,42.36429977,-71.00520325,96.0,3.0,7.0,2.0,103.0,5.0,2000
MCO,28.429399490356445,-81.30899810791016,25.0,2.0,0.0,0.0,25.0,2.0,2000
EWR,40.69250106811523,-74.168701171875,0.0,0.0,1.0,1.0,1.0,1.0,2000
LGA,40.77719879,-73.87259674,9.0,1.0,0.0,0.0,9.0,1.0,2000
JFK,40.63980103,-73.77890015,0.0,0.0,180.0,4.0,180.0,4.0,2000
FLL,26.072599,-80.152702,0.0,0.0,3.0,2.0,3.0,2.0,2000
SAN,32.7336006165,-117.190002441,17.0,1.0,1.0,1.0,18.0,2.0,2000
CLT,35.2140007019043,-80.94309997558594,93.0,1.0,0.0,0.0,93.0,1.0,2000
DTW,42.212398529052734,-83.35340118408203,0.0,0.0,0.0,0.0,0.0,0.0,2000
DCA,38.8521,-77.037697,0.0,0.0,0.0,0.0,0.0,0.0,2000
MSP,44.882,-93.221802,148.0,1.0,0.0,0.0,148.0,1.0,2000
MIA,25.79319953918457,-80.29060363769531,57.0,2.0,131.0,3.0,188.0,5.0,2000
BWI,39.1754,-76.668297,25.0,2.0,0.0,0.0,25.0,2.0,2000
PHL,39.87189865112305,-75.24109649658203,0.0,0.0,0.0,0.0,0.0,0.0,2000
TPA,27.975500106811523,-82.533203125,0.0,0.0,0.0,0.0,0.0,0.0,2000
SLC,40.78839874267578,-111.97799682617188,0.0,0.0,0.0,0.0,0.0,0.0,2000
IAD,38.94449997,-77.45580292,37.0,1.0,0.0,0.0,37.0,1.0,2000
MDW,41.785999,-87.752403,0.0,0.0,0.0,0.0,0.0,0.0,2000
BNA,36.1245002746582,-86.6781997680664,2.0,1.0,0.0,0.0,2.0,1.0,2000
PDX,45.58869934,-122.59799960000001,6.0,1.0,74.0,3.0,80.0,4.0,2000
DAL,32.847099,-96.851799,0.0,0.0,0.0,0.0,0.0,0.0,2000
AUS,30.2987223546,-97.6997852325,0.0,0.0,0.0,0.0,0.0,0.0,2000
RDU,35.877601623535156,-78.7874984741211,0.0,0.0,39.0,2.0,39.0,2.0,2000
STL,38.748697,-90.370003,0.0,0.0,0.0,0.0,0.0,0.0,2000
MSY,29.99340057373047,-90.25800323486328,0.0,0.0,0.0,0.0,0.0,0.0,2000
MCI,39.2976,-94.713898,114.0,1.0,0.0,0.0,114.0,1.0,2000
HOU,29.64539909,-95.27890015,0.0,0.0,0.0,0.0,0.0,0.0,2000
PIT,40.49150085,-80.23290253,0.0,0.0,0.0,0.0,0.0,0.0,2000
SJC,37.362598,-121.929001,15.0,1.0,0.0,0.0,15.0,1.0,2000
OAK,37.721298,-122.221001,1.0,1.0,0.0,0.0,1.0,1.0,2000
SMF,38.69540023803711,-121.59100341796876,10.0,1.0,0.0,0.0,10.0,1.0,2000
IND,39.7173,-86.294403,0.0,0.0,0.0,0.0,0.0,0.0,2000
SNA,33.67570114,-117.86799620000001,43.0,2.0,27.0,1.0,70.0,3.0,2000
CLE,41.411701202399996,-81.8498001099,240.0,2.0,0.0,0.0,240.0,2.0,2000
CMH,39.998001,-82.891899,0.0,0.0,0.0,0.0,0.0,0.0,2000
SAT,29.533700942993164,-98.46980285644531,0.0,0.0,0.0,0.0,0.0,0.0,2000
CVG,39.0488014221,-84.6678009033,0.0,0.0,0.0,0.0,0.0,0.0,2000
JAX,30.49410057067871,-81.68789672851562,0.0,0.0,0.0,0.0,0.0,0.0,2000
HNL,21.32062,-157.924228,0.0,0.0,7.0,1.0,7.0,1.0,2000
MKE,42.94720077514648,-87.89659881591797,6.0,1.0,0.0,0.0,6.0,1.0,2000
ATL,33.6367,-84.428101,0.0,0.0,0.0,0.0,0.0,0.0,2100
LAX,33.94250107,-118.40799709999999,570.0,4.0,33.0,3.0,603.0,7.0,2100
ORD,41.9786,-87.9048,0.0,0.0,0.0,0.0,0.0,0.0,2100
DEN,39.861698150635,-104.672996521,0.0,0.0,0.0,0.0,0.0,0.0,2100
DFW,32.896801,-97.038002,0.0,0.0,0.0,0.0,0.0,0.0,2100
LAS,36.08010101,-115.15200039999999,15.0,1.0,0.0,0.0,15.0,1.0,2100
SFO,37.61899948120117,-122.375,185.0,3.0,7.0,1.0,192.0,4.0,2100
PHX,33.43429946899414,-112.01200103759766,44.0,2.0,0.0,0.0,44.0,2.0,2100
IAH,29.98439979553223,-95.34140014648438,0.0,0.0,1.0,1.0,1.0,1.0,2100
SEA,47.449001,-122.308998,0.0,0.0,1.0,1.0,1.0,1.0,2100
BOS,42.36429977,-71.00520325,84.0,3.0,0.0,0.0,84.0,3.0,2100
MCO,28.429399490356445,-81.30899810791016,0.0,0.0,17.0,2.0,17.0,2.0,2100
EWR,40.69250106811523,-74.168701171875,0.0,0.0,0.0,0.0,0.0,0.0,2100
LGA,40.77719879,-73.87259674,0.0,0.0,0.0,0.0,0.0,0.0,2100
JFK,40.63980103,-73.77890015,41.0,3.0,0.0,0.0,41.0,3.0,2100
FLL,26.072599,-80.152702,0.0,0.0,46.0,2.0,46.0,2.0,2100
SAN,32.7336006165,-117.190002441,13.0,1.0,0.0,0.0,13.0,1.0,2100
CLT,35.2140007019043,-80.94309997558594,2.0,1.0,0.0,0.0,2.0,1.0,2100
DTW,42.212398529052734,-83.35340118408203,0.0,0.0,0.0,0.0,0.0,0.0,2100
DCA,38.8521,-77.037697,6.0,1.0,0.0,0.0,6.0,1.0,2100
MSP,44.882,-93.221802,0.0,0.0,0.0,0.0,0.0,0.0,2100
MIA,25.79319953918457,-80.29060363769531,0.0,0.0,1.0,1.0,1.0,1.0,2100
BWI,39.1754,-76.668297,155.0,2.0,263.0,2.0,418.0,4.0,2100
PHL,39.87189865112305,-75.24109649658203,0.0,0.0,0.0,0.0,0.0,0.0,2100
TPA,27.975500106811523,-82.533203125,0.0,0.0,0.0,0.0,0.0,0.0,2100
SLC,40.78839874267578,-111.97799682617188,45.0,2.0,0.0,0.0,45.0,2.0,2100
IAD,38.94449997,-77.45580292,0.0,0.0,0.0,0.0,0.0,0.0,2100
MDW,41.785999,-87.752403,0.0,0.0,0.0,0.0,0.0,0.0,2100
BNA,36.1245002746582,-86.6781997680664,0.0,0.0,0.0,0.0,0.0,0.0,2100
PDX,45.58869934,-122.59799960000001,27.0,2.0,0.0,0.0,27.0,2.0,2100
DAL,32.847099,-96.851799,0.0,0.0,0.0,0.0,0.0,0.0,2100
AUS,30.2987223546,-97.6997852325,0.0,0.0,0.0,0.0,0.0,0.0,2100
RDU,35.877601623535156,-78.7874984741211,0.0,0.0,0.0,0.0,0.0,0.0,2100
STL,38.748697,-90.370003,0.0,0.0,0.0,0.0,0.0,0.0,2100
MSY,29.99340057373047,-90.25800323486328,56.0,1.0,0.0,0.0,56.0,1.0,2100
MCI,39.2976,-94.713898,0.0,0.0,0.0,0.0,0.0,0.0,2100
HOU,29.64539909,-95.27890015,0.0,0.0,0.0,0.0,0.0,0.0,2100
PIT,40.49150085,-80.23290253,0.0,0.0,0.0,0.0,0.0,0.0,2100
SJC,37.362598,-121.929001,5.0,1.0,0.0,0.0,5.0,1.0,2100
OAK,37.721298,-122.221001,13.0,1.0,0.0,0.0,13.0,1.0,2100
SMF,38.69540023803711,-121.59100341796876,34.0,2.0,1.0,1.0,35.0,3.0,2100
IND,39.7173,-86.294403,0.0,0.0,0.0,0.0,0.0,0.0,2100
SNA,33.67570114,-117.86799620000001,0.0,0.0,0.0,0.0,0.0,0.0,2100
CLE,41.411701202399996,-81.8498001099,0.0,0.0,112.0,1.0,112.0,1.0,2100
CMH,39.998001,-82.891899,0.0,0.0,0.0,0.0,0.0,0.0,2100
SAT,29.533700942993164,-98.46980285644531,0.0,0.0,0.0,0.0,0.0,0.0,2100
CVG,39.0488014221,-84.6678009033,0.0,0.0,0.0,0.0,0.0,0.0,2100
JAX,30.49410057067871,-81.68789672851562,0.0,0.0,0.0,0.0,0.0,0.0,2100
HNL,21.32062,-157.924228,0.0,0.0,0.0,0.0,0.0,0.0,2100
MKE,42.94720077514648,-87.89659881591797,0.0,0.0,0.0,0.0,0.0,0.0,2100
ATL,33.6367,-84.428101,0.0,0.0,0.0,0.0,0.0,0.0,2200
LAX,33.94250107,-118.40799709999999,64.0,2.0,19.0,2.0,83.0,4.0,2200
ORD,41.9786,-87.9048,0.0,0.0,0.0,0.0,0.0,0.0,2200
DEN,39.861698150635,-104.672996521,0.0,0.0,0.0,0.0,0.0,0.0,2200
DFW,32.896801,-97.038002,0.0,0.0,0.0,0.0,0.0,0.0,2200
LAS,36.08010101,-115.15200039999999,86.0,3.0,46.0,2.0,132.0,5.0,2200
SFO,37.61899948120117,-122.375,113.0,5.0,62.0,2.0,175.0,7.0,2200
PHX,33.43429946899414,-112.01200103759766,39.0,2.0,21.0,1.0,60.0,3.0,2200
IAH,29.98439979553223,-95.34140014648438,0.0,0.0,0.0,0.0,0.0,0.0,2200
SEA,47.449001,-122.308998,53.0,1.0,57.0,1.0,110.0,2.0,2200
BOS,42.36429977,-71.00520325,106.0,3.0,122.0,3.0,228.0,6.0,2200
MCO,28.429399490356445,-81.30899810791016,0.0,0.0,0.0,0.0,0.0,0.0,2200
EWR,40.69250106811523,-74.168701171875,0.0,0.0,0.0,0.0,0.0,0.0,2200
LGA,40.77719879,-73.87259674,0.0,0.0,0.0,0.0,0.0,0.0,2200
JFK,40.63980103,-73.77890015,13.0,1.0,0.0,0.0,13.0,1.0,2200
FLL,26.072599,-80.152702,98.0,3.0,145.0,3.0,243.0,6.0,2200
SAN,32.7336006165,-117.190002441,44.0,2.0,0.0,0.0,44.0,2.0,2200
CLT,35.2140007019043,-80.94309997558594,0.0,0.0,0.0,0.0,0.0,0.0,2200
DTW,42.212398529052734,-83.35340118408203,0.0,0.0,0.0,0.0,0.0,0.0,2200
DCA,38.8521,-77.037697,35.0,1.0,0.0,0.0,35.0,1.0,2200
MSP,44.882,-93.221802,0.0,0.0,0.0,0.0,0.0,0.0,2200
MIA,25.79319953918457,-80.29060363769531,0.0,0.0,52.0,1.0,52.0,1.0,2200
BWI,39.1754,-76.668297,0.0,0.0,0.0,0.0,0.0,0.0,2200
PHL,39.87189865112305,-75.24109649658203,11.0,1.0,0.0,0.0,11.0,1.0,2200
TPA,27.975500106811523,-82.533203125,6.0,1.0,0.0,0.0,6.0,1.0,2200
SLC,40.78839874267578,-111.97799682617188,0.0,0.0,26.0,1.0,26.0,1.0,2200
IAD,38.94449997,-77.45580292,0.0,0.0,0.0,0.0,0.0,0.0,2200
MDW,41.785999,-87.752403,0.0,0.0,0.0,0.0,0.0,0.0,2200
BNA,36.1245002746582,-86.6781997680664,0.0,0.0,0.0,0.0,0.0,0.0,2200
PDX,45.58869934,-122.59799960000001,5.0,1.0,0.0,0.0,5.0,1.0,2200
DAL,32.847099,-96.851799,0.0,0.0,0.0,0.0,0.0,0.0,2200
AUS,30.2987223546,-97.6997852325,6.0,1.0,0.0,0.0,6.0,1.0,2200
RDU,35.877601623535156,-78.7874984741211,0.0,0.0,0.0,0.0,0.0,0.0,2200
STL,38.748697,-90.370003,0.0,0.0,0.0,0.0,0.0,0.0,2200
MSY,29.99340057373047,-90.25800323486328,0.0,0.0,0.0,0.0,0.0,0.0,2200
MCI,39.2976,-94.713898,0.0,0.0,0.0,0.0,0.0,0.0,2200
HOU,29.64539909,-95.27890015,0.0,0.0,0.0,0.0,0.0,0.0,2200
PIT,40.49150085,-80.23290253,0.0,0.0,0.0,0.0,0.0,0.0,2200
SJC,37.362598,-121.929001,0.0,0.0,0.0,0.0,0.0,0.0,2200
OAK,37.721298,-122.221001,6.0,1.0,0.0,0.0,6.0,1.0,2200
SMF,38.69540023803711,-121.59100341796876,0.0,0.0,0.0,0.0,0.0,0.0,2200
IND,39.7173,-86.294403,0.0,0.0,0.0,0.0,0.0,0.0,2200
SNA,33.67570114,-117.86799620000001,0.0,0.0,0.0,0.0,0.0,0.0,2200
CLE,41.411701202399996,-81.8498001099,0.0,0.0,0.0,0.0,0.0,0.0,2200
CMH,39.998001,-82.891899,0.0,0.0,0.0,0.0,0.0,0.0,2200
SAT,29.533700942993164,-98.46980285644531,0.0,0.0,0.0,0.0,0.0,0.0,2200
CVG,39.0488014221,-84.6678009033,0.0,0.0,0.0,0.0,0.0,0.0,2200
JAX,30.49410057067871,-81.68789672851562,0.0,0.0,0.0,0.0,0.0,0.0,2200
HNL,21.32062,-157.924228,8.0,1.0,38.0,3.0,46.0,4.0,2200
MKE,42.94720077514648,-87.89659881591797,0.0,0.0,0.0,0.0,0.0,0.0,2200
ATL,33.6367,-84.428101,0.0,0.0,0.0,0.0,0.0,0.0,2300
LAX,33.94250107,-118.40799709999999,33.0,3.0,3.0,1.0,36.0,4.0,2300
ORD,41.9786,-87.9048,0.0,0.0,0.0,0.0,0.0,0.0,2300
DEN,39.861698150635,-104.672996521,0.0,0.0,0.0,0.0,0.0,0.0,2300
DFW,32.896801,-97.038002,0.0,0.0,3.0,1.0,3.0,1.0,2300
LAS,36.08010101,-115.15200039999999,99.0,3.0,24.0,3.0,123.0,6.0,2300
SFO,37.61899948120117,-122.375,189.0,2.0,34.0,2.0,223.0,4.0,2300
PHX,33.43429946899414,-112.01200103759766,64.0,2.0,0.0,0.0,64.0,2.0,2300
IAH,29.98439979553223,-95.34140014648438,0.0,0.0,0.0,0.0,0.0,0.0,2300
SEA,47.449001,-122.308998,0.0,0.0,0.0,0.0,0.0,0.0,2300
BOS,42.36429977,-71.00520325,0.0,0.0,26.0,1.0,26.0,1.0,2300
MCO,28.429399490356445,-81.30899810791016,256.0,2.0,0.0,0.0,256.0,2.0,2300
EWR,40.69250106811523,-74.168701171875,0.0,0.0,0.0,0.0,0.0,0.0,2300
LGA,40.77719879,-73.87259674,0.0,0.0,0.0,0.0,0.0,0.0,2300
JFK,40.63980103,-73.77890015,1.0,1.0,0.0,0.0,1.0,1.0,2300
FLL,26.072599,-80.152702,0.0,0.0,87.0,1.0,87.0,1.0,2300
SAN,32.7336006165,-117.190002441,0.0,0.0,0.0,0.0,0.0,0.0,2300
CLT,35.2140007019043,-80.94309997558594,0.0,0.0,0.0,0.0,0.0,0.0,2300
DTW,42.212398529052734,-83.35340118408203,1.0,1.0,0.0,0.0,1.0,1.0,2300
DCA,38.8521,-77.037697,0.0,0.0,0.0,0.0,0.0,0.0,2300
MSP,44.882,-93.221802,0.0,0.0,0.0,0.0,0.0,0.0,2300
MIA,25.79319953918457,-80.29060363769531,0.0,0.0,0.0,0.0,0.0,0.0,2300
BWI,39.1754,-76.668297,50.0,1.0,0.0,0.0,50.0,1.0,2300
PHL,39.87189865112305,-75.24109649658203,47.0,1.0,0.0,0.0,47.0,1.0,2300
TPA,27.975500106811523,-82.533203125,22.0,1.0,0.0,0.0,22.0,1.0,2300
SLC,40.78839874267578,-111.97799682617188,0.0,0.0,0.0,0.0,0.0,0.0,2300
IAD,38.94449997,-77.45580292,8.0,1.0,0.0,0.0,8.0,1.0,2300
MDW,41.785999,-87.752403,0.0,0.0,0.0,0.0,0.0,0.0,2300
BNA,36.1245002746582,-86.6781997680664,0.0,0.0,0.0,0.0,0.0,0.0,2300
PDX,45.58869934,-122.59799960000001,21.0,2.0,0.0,0.0,21.0,2.0,2300
DAL,32.847099,-96.851799,0.0,0.0,0.0,0.0,0.0,0.0,2300
AUS,30.2987223546,-97.6997852325,0.0,0.0,0.0,0.0,0.0,0.0,2300
RDU,35.877601623535156,-78.7874984741211,0.0,0.0,0.0,0.0,0.0,0.0,2300
STL,38.748697,-90.370003,0.0,0.0,0.0,0.0,0.0,0.0,2300
MSY,29.99340057373047,-90.25800323486328,61.0,2.0,0.0,0.0,61.0,2.0,2300
MCI,39.2976,-94.713898,7.0,1.0,0.0,0.0,7.0,1.0,2300
HOU,29.64539909,-95.27890015,0.0,0.0,0.0,0.0,0.0,0.0,2300
PIT,40.49150085,-80.23290253,0.0,0.0,0.0,0.0,0.0,0.0,2300
SJC,37.362598,-121.929001,0.0,0.0,0.0,0.0,0.0,0.0,2300
OAK,37.721298,-122.221001,0.0,0.0,0.0,0.0,0.0,0.0,2300
SMF,38.69540023803711,-121.59100341796876,0.0,0.0,0.0,0.0,0.0,0.0,2300
IND,39.7173,-86.294403,0.0,0.0,0.0,0.0,0.0,0.0,2300
SNA,33.67570114,-117.86799620000001,0.0,0.0,0.0,0.0,0.0,0.0,2300
CLE,41.411701202399996,-81.8498001099,0.0,0.0,0.0,0.0,0.0,0.0,2300
CMH,39.998001,-82.891899,40.0,1.0,0.0,0.0,40.0,1.0,2300
SAT,29.533700942993164,-98.46980285644531,0.0,0.0,0.0,0.0,0.0,0.0,2300
CVG,39.0488014221,-84.6678009033,0.0,0.0,0.0,0.0,0.0,0.0,2300
JAX,30.49410057067871,-81.68789672851562,22.0,1.0,0.0,0.0,22.0,1.0,2300
HNL,21.32062,-157.924228,0.0,0.0,0.0,0.0,0.0,0.0,2300
MKE,42.94720077514648,-87.89659881591797,0.0,0.0,0.0,0.0,0.0,0.0,2300
